exam_type,category,scenario,question_text,option_a,option_b,option_c,option_d,correct_answer,explanation
AI模擬,4-2 技術保護,,"特許法上の新規性喪失の例外（第30条）に関して、最も適切と考えられるものはどれか。",意に反して公知となった発明については、その公知の日から1年6ヶ月以内に出願しなければならない。,自ら刊行物に発表した発明について例外規定の適用を受けるには、出願から30日以内に証明書類を提出する必要がある。,特許公報の発行により公知となった発明も、例外規定の適用を受けることができる。,新規性喪失の例外規定の適用を受けた場合、その出願は公知の日を出願日として取り扱われる。,イ,"特許法第30条。自ら公表した場合や意に反して公知となった場合、1年以内に出願し、かつ出願から30日以内に証明書を提出する必要がある。遡及効はなく、出願日はあくまで現実の出願日である。"
AI模擬,2-2 リスクマネジメント,"特許権者A社は、B社による侵害行為に対し、特許法第102条第1項に基づき損害賠償を請求した。A社の生産・販売能力は500個、B社の販売数量は800個であった。",この事例における損害額の算定に関して、最も適切と考えられるものはどれか。,A社の能力を超える300個分については、いかなる場合も賠償を請求できない。,B社が販売した800個すべてについて、A社の単位利益を乗じた額が損害額と推定される。,A社の能力を超える300個分についても、ライセンス料相当額を損害額に含めることができる。,損害額の算定において、侵害を前提としたライセンス料率を考慮することは禁じられている。,ウ,"特許法第102条第1項第2号。令和元年の改正により、権利者の販売能力を超える数量部分についても、実施料（ライセンス料）相当額を損害として加算することが認められた。"
AI模擬,5-1 契約,,特許法上の職務発明（第35条）における「相当の利益」に関して、最も適切と考えられるものはどれか。,相当の利益は、金銭による支払いでなければならない。,企業の代表取締役が行った発明は、その性質上、職務発明には該当しない。,相当の利益の内容を決定するための基準の策定にあたっては、従業者等との協議が必要である。,契約等に別段の定めがない限り、特許を受ける権利は発生時から当然に会社に帰属する。,ウ,"特許法第35条。相当の利益は金銭以外も可。協議・開示・意見聴取のプロセスが重要視される。別段の定めがない場合は発明者（個人）に帰属するのが原則。"
AI模擬,4-1 ブランド保護,"A社は、自社の新ブランド名として「佐藤一郎」という氏名を含む商標を出願しようとしている。調査の結果、同姓同名の他人が複数存在することが判明した。",改正商標法（令和6年施行）に基づく判断として、最も適切と考えられるものはどれか。,同姓同名の他人が一人でも存在する限り、その他人全員の承諾を得なければ登録できない。,その他人が「佐藤一郎」の氏名でその分野において広く認識されていない場合、その他人の承諾は不要である。,出願人が「佐藤一郎」本人であれば、他人の著名性にかかわらず無条件で登録される。,「相当の関連性」の要件を満たしていても、同姓同名の他人が存在する限り登録は認められない。,イ,"商標法第4条第1項第8号。他人の氏名による拒絶は、その他人が当該分野で需要者の間に広く認識されている場合に限定された。知名度のない他人の承諾は不要である。"
AI模擬,4-1 ブランド保護,,商標法上の「コンセント制度（第4条第4項）」に関して、最も適切と考えられるものはどれか。,先行登録商標権者の承諾（コンセント）があれば、特許庁の審査なしに併存登録される。,先行登録商標権者の承諾があり、かつ、出所混同のおそれがないと認められる場合に限り、登録される。,コンセント制度により登録された商標には、不使用取消審判を請求することができない。,この制度は、商標登録出願人が「不正の目的」を有している場合であっても適用される。,イ,"商標法第4条第4項。先行権利者の同意に加え、審査官が「需要者の間で混同を生ずるおそれがない」と判断することが必要条件である。"
AI模擬,4-4 デザイン保護,"A社は、自社製品の形状について意匠登録出願を行おうとしている。この製品は出願の6ヶ月前にA社自身のウェブサイトで公開されていた。",意匠登録出願に関する判断として、最も適切と考えられるものはどれか。,自ら公開した意匠であっても、新規性を喪失しているため、いかなる場合も登録を受けることはできない。,公開から1年以内であれば、新規性喪失の例外規定の適用を受けて登録を受けられる可能性がある。,意匠法には「新規性喪失の例外」の規定は存在せず、特許法独自の制度である。,公開した意匠と全く同一の意匠であれば登録できるが、類似する意匠は登録できない。,イ,"意匠法第4条。特許法と同様に、自ら公開した場合等は、1年以内（令和5年改正前は6ヶ月）であれば新規性喪失の例外規定の適用を受けることが可能である。"
AI模擬,4-3 コンテンツ保護,,著作権法上の「職務著作（第15条）」に関して、最も適切と考えられるものはどれか。,プログラムの著作物については、法人等の名義で公表されなければ職務著作とはならない。,嘱託社員や派遣社員が作成した著作物は、いかなる場合も職務著作には該当しない。,契約や就業規則に別段の定めがある場合でも、職務著作の規定が優先して適用される。,法人等の業務に従事する者が職務上作成した著作物は、法人等の発意に基づき、法人等の名義で公表（プログラムを除く）される等の要件を満たせば、法人等が著作者となる。,エ,"著作権法第15条。プログラムの著作物には公表要件がない。派遣社員も実態として「業務に従事する者」であれば対象となり得る。"
AI模擬,4-3 コンテンツ保護,,著作権法上の「未管理公表著作物等の利用に関する新たな裁定制度」に関して、最も適切と考えられるものはどれか。,著作権者が不明な場合のみが対象であり、著作権者が判明している場合は利用できない。,利用者は、文化庁長官の登録を受けた「登録確認機関」に対し、申請を行う。,裁定により利用できる期間は、著作権の存続期間が満了するまでの一生涯である。,裁定後に著作権者が現れた場合でも、権利者は裁定の取消しを求めることはできない。,イ,"著作権法第67条の3。新制度は著作権者と連絡がつかない場合も対象。登録確認機関が申請受付や要件確認を行う。権利者は現れた際に将来の利用を停止させることができる。"
AI模擬,2-2 リスクマネジメント,"アパレルメーカーA社は、自社の人気スカートの形態を模倣し、デジタルデータとしてメタバース内のアバター用に販売しているB社に対し、差止めを検討している。",不正競争防止法に基づく判断として、最も適切と考えられるものはどれか。,B社の行為はデジタルデータの販売であるため、形態模倣行為（第2条1項3号）には該当しない。,リアルの商品の形態をデジタル空間で模倣する行為も、新たに「不正競争」として規制対象となった。,形態模倣行為の規制は、商品の販売開始から5年間継続する。,B社の行為が「混同」を生じさせていない場合、形態模倣行為として差し止めることはできない。,イ,"不正競争防止法第2条第1項第3号。令和5年改正により、デジタル空間における形態模倣（提供行為）も規制された。混同要件は不要（デッドコピー保護）。期間は3年。"
AI模擬,6. 関係法規,,パリ条約における「優先権」に関して、最も適切と考えられるものはどれか。,特許出願の優先期間は、最初の出願の日から6ヶ月である。,意匠登録出願の優先期間は、最初の出願の日から6ヶ月である。,商標登録出願の優先期間は、最初の出願の日から12ヶ月である。,優先権を主張して出願した場合、出願日は最初の出願の日まで遡ったものとして、存続期間が計算される。,イ,"パリ条約第4条。特許・実用新案は12ヶ月、意匠・商標は6ヶ月である。出願日の遡及効果は判断基準（新規性等）に限定され、存続期間の起算日は現提出日である。"
AI模擬,6. 関係法規,,特許協力条約（PCT）に基づく国際出願に関して、最も適切と考えられるものはどれか。,国際出願の日から30ヶ月以内に国内移行手続を行えば、指定国ですべて特許が付与される。,国際調査報告の受領後、1回に限り請求の範囲を補正することができる（第19条補正）。,国際出願の提出先は、世界知的所有権機関（WIPO）に限られ、各国特許庁に提出することはできない。,国際出願を行うことで、パリ条約の優先権を主張することはできなくなる。,イ,"PCT。第19条補正は国際事務局に対して行う。国内移行は30ヶ月以内に行う必要があるが、その後の審査（実体審査）は各国で独立して行われる。"
AI模擬,3-1 調査,,J-PlatPat（特許情報プラットフォーム）を用いた検索に関して、最も適切と考えられるものはどれか。,FI（File Index）は、国際特許分類（IPC）を日本独自に展開したものである。,Fターム（File Forming Term）は、IPCを簡略化した世界共通の分類記号である。,検索キーワードに読点（、）が含まれる場合、常にフレーズ検索として実行される。,審査請求されていない特許出願は、J-PlatPatで検索することはできない。,ア,"J-PlatPat実務。FIは日本独自の細分化分類。Fタームも日本独自の多角的分類である。出願公開後のものは審査請求の有無にかかわらず検索可能。"
AI模擬,4-2 技術保護,,実用新案登録出願に関して、最も適切と考えられるものはどれか。,実用新案登録出願から特許出願への変更は、いかなる時期であっても認められない。,実用新案権の存続期間は、出願の日から25年である。,実用新案登録出願は、特許出願と異なり、実体審査を経ることなく登録される。,実用新案権者は、権利侵害に対し、実用新案技術評価書の提示なしに警告を行うことができる。,ウ,"実用新案法。無審査主義を採用している。存続期間は10年。権利行使には評価書の提示が必須（29条の3）。"
AI模擬,5-2 エンフォースメント,,特許侵害訴訟における防御手段として、最も適切と考えられるものはどれか。,特許無効審判において無効とされるべきものであるときは、権利を行使できない（権利濫用の抗弁）。,侵害者が、特許発明を試験又は研究のために実施している場合でも、侵害を免れることはできない。,自社の製品が特許発明の技術的範囲に含まれていても、特許権者に故意がなければ差止めを拒絶できる。,特許出願前から独自に発明を完成し、実施の準備をしていた場合でも、先使用権は認められない。,ア,"特許法第104条の3。特許に無効理由がある場合、権利行使は認められない。また第69条により試験研究目的の実施は効力が及ばない。"
AI模擬,5-2 エンフォースメント,,関税法に基づく輸入差止（水際対策）に関して、最も適切と考えられるものはどれか。,特許権、意匠権、商標権、著作権等は、いずれも輸入差止申立ての対象となる。,税関長は、権利侵害が疑われる物品を発見した場合、直ちに没収・廃棄しなければならない。,輸入差止申立てを行うには、あらかじめ特許庁による「判定」を得ていることが必須である。,個人的に使用する目的で侵害物品を輸入する行為は、常に輸入差止の対象となる。,ア,"関税法第69条の13。主要な知的財産権は対象. 没収廃棄には認定手続が必要。個人目的（非業）は原則として侵害を構成しない。"
AI模擬,4-4 デザイン保護,,意匠法上の「関連意匠制度」に関して、最も適切と考えられるものはどれか。,本意匠の出願から25年以内であれば、関連意匠を出願することができる。,関連意匠として登録された意匠の存続期間は、本意匠の出願の日から25年である。,本意匠と類似しない意匠であっても、関連意匠として登録することができる。,関連意匠にのみ類似する意匠（連鎖的関連意匠）は、登録を受けることができない。,イ,"意匠法第10条、第21条。関連意匠の存続期間は本意匠の出願日から25年。令和元年の改正により10年以内の出願および連鎖的関連意匠が認められた。"
AI模擬,5-1 契約,,著作権の譲渡契約に関して、最も適切と考えられるものはどれか。,「著作権のすべてを譲渡する」と明記すれば、翻案権（27条）や二次的著作物の利用権（28条）も当然に移転する。,譲渡の対象として第27条および第28条の権利が特掲されていない場合、これらの権利は譲渡人に留保されたものと推定される。,著作権の譲渡は、文化庁に登録しなければ、当事者間でも効力を生じない。,著作者人格権は、契約により譲受人に移転させることができる。,イ,"著作権法第61条。27条・28条の権利は特掲が必要。登録は第三者対抗要件。人格権は一身専属性により譲渡不可。"
AI模擬,6. 関係法規,,経済安全保障推進法に基づく「特許出願の非公開制度」に関して、最も適切と考えられるものはどれか。,保全指定を受けた発明であっても、出願人は内容を公表することができる。,日本国内で行われた特定技術分野の発明を外国に出願する場合、原則として事前に日本へ出願しなければならない。,保全指定を受けた場合、特許権の存続期間は登録の日から30年に延長される。,審査の結果、非公開とされた発明については、国による損失補償は一切行われない。,イ,"経済安保法。第一国出願義務（第78条）が重要。非公開による損失は補償の対象となる。公表は厳格に制限される。"
AI模擬,4-1 ブランド保護,,商標権の「不使用取消審判（第50条）」に関して、最も適切と考えられるものはどれか。,継続して3年以上日本国内で使用されていないときは、何人も審判を請求できる。,商標権者に正当な理由がある場合であっても、不使用であれば必ず取り消される。,審判の請求前3ヶ月以内に商標の使用を開始した場合は、常に取消しを免れる。,不使用取消審判を請求できるのは、当該商標と競合関係にある利害関係人に限られる。,ア,"商標法第50条。継続3年以上の不使用が要件。請求人は「何人も」可能。駆け込み使用（請求前3ヶ月以内）は正当な理由とみなされない場合がある。"
AI模擬,4-3 コンテンツ保護,,著作権の制限（権利者の許諾なく利用できる場合）に関して、最も適切と考えられるものはどれか。,営利を目的としない上演・演奏等であれば、いかなる場合も無許諾・無報酬で利用できる。,私的使用のための複製であれば、公衆に設置されているダビング機を使用してもよい。,裁判手続や立法・行政の目的のために内部資料として必要な限度において、著作物を複製することができる。,引用（第32条）を行う場合、出典を明示する必要はない。,ウ,"著作権法第42条。立法・行政・司法のための複製は認められている。上演演奏は「無料・無報酬」等の要件が必要。引用は出所明示が必須。"
AI模擬,4-2 技術保護,,"特許法上の新規性喪失の例外（第30条）に関して、最も不適切と考えられるものはどれか。",発明者が自らウェブサイトで公開した発明について、公開日から1年以内に出願を行い、かつ出願から30日以内に証明書を提出すれば、その公開により新規性は喪失しないものとみなされる。,意に反して公知となった発明について本規定の適用を受ける場合、出願時にその旨を記載した書面を提出する必要はなく、出願から30日以内に証明書を提出すればよい。,指定されていない博覧会への出品により公知となった発明であっても、発明者の行為に起因するものであれば、本規定の適用対象となり得る。,本規定の適用を受けた場合、新規性の判断において出願日が公開日にまで遡及するため、公開日から出願日までの間に他人が同一の発明をした場合でも、自らの出願が先願となる。,エ,"特許法30条。新規性喪失の例外規定の適用を受けても出願日は遡及しない。公開から出願の間に他人がした出願によって拒絶されるリスクは依然として残る。"
AI模擬,5-1 契約,,"特許法第35条（職務発明）および特許権の実施権に関して、最も適切と考えられるものはどれか。",会社が職務発明について特許を受ける権利を承継した場合、従業員に与える「相当の利益」は金銭でなければならず、ストックオプション等の給付は認められない。,職務発明の「相当の利益」の内容を決定するための基準を策定するにあたっては、従業員等との協議が必要であり、策定された基準は従業員等に開示されなければならない。,特許権が共有であるとき、各共有者は他の共有者の同意を得ることなく、その特許権の持分を自由に譲渡することができる。,通常実施権は、特許庁の原簿に登録しなければ、特許権を譲り受けた第三者に対してその効力を主張することができない。,イ,"特許法35条。相当の利益の決定プロセス（協議・開示・意見聴取）の合理性が重視される。共有持分の譲渡には他の共有者の同意が必要。"
AI模擬,4-2 技術保護,,"実用新案登録制度に関して、最も適切と考えられるものはどれか。",実用新案権の存続期間は、出願の日から10年である。,実用新案登録出願は実体審査を経ないため、先行技術との同一性や進歩性についての審査は行われない。,実用新案権者は、権利侵害に対し差止請求を行う際、あらかじめ実用新案技術評価書を提示して警告する必要はない。,実用新案登録出願から特許出願への変更は、いかなる時期であっても認められない。,ア,"実用新案法。存続期間は出願日から10年。無審査主義だが権利行使には評価書の提示が必須（29条の3）。特許への変更は一定期間可能。"
AI模擬,4-4 デザイン保護,,"意匠法上の最新の改正事項に関して、最も適切と考えられるものはどれか。",関連意匠として登録を受けるためには、本意匠の出願日から5年以内にその意匠登録出願をしなければならない。,関連意匠の意匠権の存続期間は、その設定登録の日から25年である。,最新の改正により、最先の公開について証明書を提出すれば、その後の同一・類似の意匠の公開については新規性喪失の例外手続における証明書の提出が免除される。,関連意匠権は、本意匠の意匠権から分離して他人に譲渡することができる。,ウ,"意匠法4条（令和5年改正）。複数の公開行為がある場合の手続が簡素化された。関連意匠の出願期間は10年。存続期間は本意匠出願から25年。"
AI模擬,4-1 ブランド保護,,"2024年4月に施行された改正商標法に関して、最も不適切と考えられるものはどれか。",先行登録商標権者の承諾（コンセント）があり、かつ出所混同のおそれがないと認められる場合に限り、類似する商標の併存登録が認められる。,コンセント制度により登録された商標権者は、将来にわたり他の商標権者から混同防止表示の請求を受けることはない。,他人の氏名を含む商標であっても、その他人が当該分野において需要者の間に広く認識されている場合を除き、承諾なしに登録できる場合がある。,出願人との間に「相当の関連性」がある氏名を商標登録する場合でも、不正の目的があるときは登録が認められない。,イ,"商標法24条の4。コンセント制度（4条4項）による併存登録後でも、混同が生じている場合は混同防止表示の請求が可能である。"
AI模擬,4-3 コンテンツ保護,,"著作権法上の職務著作（第15条）および引用（第32条）に関して、最も適切と考えられるものはどれか。",法人等の業務に従事する者が職務上作成したプログラムの著作物は、法人等の名義で公表されなければ職務著作とはならない。,派遣社員が派遣先の指揮命令下で職務上作成した著作物は、特約がない限り、派遣元の会社を著作者とする職務著作が成立する。,公表された著作物は、公正な慣行に合致し、かつ報道、批評、研究その他の引用の目的上正当な範囲内であれば、許諾なく引用して利用できる。,インターネット上の画像を自らのSNSに貼り付ける際、単にその画像のURLを併記するだけであれば、引用の要件をすべて満たしたものとされる。,ウ,"著作権法32条。引用の要件は公認の慣行・正当な範囲内。プログラムの職務著作に公表要件は不要。派遣社員は派遣先での職務著作が成立し得る。"
AI模擬,4-3 コンテンツ保護,,"著作権の制限および新たな裁定制度に関して、最も不適切と考えられるものはどれか。",著作権者が不明である場合だけでなく、連絡先はわかっているが連絡がつかない場合（未管理著作物）も、新たな裁定制度の対象となる。,営利を目的としない上演・演奏等であっても、聴衆から料金を徴収する場合には、著作権者の許諾が必要である。,著作隣接権のうち、実演家の録音・録画権の存続期間は、実演が行われた日の属する年の翌年から70年である。,新たな裁定制度に基づき利用が認められた著作物は、著作権者が現れて裁定の取消しを求めた場合でも、永久に利用を継続できる。,エ,"著作権法67条の3（令和5年改正）。権利者が現れて取消しを求めた場合、利用者は利用を停止しなければならない。遡及的な侵害責任は負わない。"
AI模擬,2-2 リスク管理,,"改正不正競争防止法に関して、最も適切と考えられるものはどれか。",形態模倣行為（第2条第1項第3号）の対象となる行為には、電気通信回線を通じてデジタル商品の形態を模倣したデータを提供する行為も含まれる。,デジタル空間における形態模倣に対する差止請求権の行使期限は、その商品の販売開始から5年間である。,営業秘密として保護されるためには、秘密管理性、有用性に加え、「事業性」の要件を満たす必要がある。,ビッグデータなどの「限定提供データ」は、秘密管理されている場合には保護の対象外となる。,ア,"不正競争防止法2条1項3号（令和5年改正）。デジタル空間での模倣品提供が規制対象に明記された。行使期限（保護期間）は販売開始から3年。"
AI模擬,6. 関係法規,,"知的財産に関する国際条約に関して、最も適切と考えられるものはどれか。",パリ条約に基づき、特許出願の優先期間は、最初の出願の日から6ヶ月である。,PCT国際出願において、国際調査報告を受領した出願人は、一度に限り、WIPOの国際事務局に対して特許請求の範囲の補正を行うことができる。,マドリッド協定議定書に基づき、日本で行った登録を基礎として国際登録出願を行う際、事後指定によって保護を求める国を追加することはできない。,ハーグ協定に基づき、意匠の国際出願を行う場合、すべての指定国において無審査で登録が認められる。,イ,"PCT19条補正。国際調査報告後、1回に限り国際事務局へ補正書を提出できる。特許の優先期間は12ヶ月。マドプロの事後指定は可能。"
AI模擬,5-2 エンフォースメント,,"経済安全保障推進法に基づく特許出願の非公開制度に関して、最も適切と考えられるものはどれか。",保全指定を受けた発明であっても、出願人は外国への出願を自由に行うことができる。,保全指定を受けた出願であっても、通常通り出願公開が行われ、J-PlatPatで検索可能である。,保全指定の対象となった発明について、国はその非公開によって生じた損失を補償しなければならない。,保全指定は一度行われれば、特許権の存続期間が満了するまで解除されることはない。,ウ,"経済安全保障推進法。保全指定された発明は非公開（出願公開なし）となり、外国出願も制限される。これによる損失は国が補償する規定がある。"
AI模擬,4-2 技術保護,,"特許法第30条（新規性喪失の例外）の適用を受けた出願に関して、最も適切と考えられるものはどれか。",出願日が公開日にまで遡及するため、公開後の第三者の出願よりも優先される。,意に反して公知となった場合は、公知日から1年6ヶ月以内に出願すれば本規定の適用を受けられる。,自ら刊行物に発表した発明について適用を受けるには、出願から30日以内に証明書を提出しなければならない。,本規定を適用して出願すれば、特許されるまでその発明が他国で公知となっても海外での権利化を妨げない。,ウ,"特許法30条。自ら公表した場合等は1年以内に出願し、30日以内に証明書提出が必要。出願日の遡及効はないため第三者の先願リスクがある。"
AI模擬,5-1 契約,,"特許法第35条（職務発明）における「相当の利益」の内容決定に関して、最も不適切と考えられるものはどれか。",相当の利益は、必ずしも金銭である必要はなく、ストックオプションや留学の機会等も含まれる。,会社が特許を受ける権利を承継した場合でも、従業者等との契約に基づき「相当の利益」を支払わないことができる。,基準の策定にあたっては、従業者等との協議が必要であり、策定した基準を従業者等に開示しなければならない。,具体的な利益の額の決定にあたっては、当該従業者等から意見を聴取することが望ましいとされる。,イ,"特許法35条4項。権利を承継した場合は相当の利益を与える権利が発生する。手続の合理性が欠けると、裁判所で額が再定義されるリスクがある。"
AI模擬,2-2 リスク管理,"特許権者A社は、侵害行為を行ったB社に対し損害賠償を請求した。B社の販売数量は1000個だが、A社の生産能力は600個であった。","特許法第102条第1項（令和元年改正）に基づく損害額の算定として、最も適切と考えられるものはどれか。",A社の生産能力を超える400個分については、損害として一切請求できない。,B社が販売した1000個すべてについて、A社の単位利益を乗じた額が損害額として推定される。,A社の能力内（600個）はA社の利益に基づき算定し、超過分（400個）はライセンス料相当額を合算して請求できる。,能力超過分の算定において、侵害を前提として交渉した場合に決まるであろう高いライセンス料率を適用することは禁じられている。,ウ,"特許法102条1項2号。能力超過分もライセンス料相当額として損害に含めることが可能となった。4項により、侵害を前提とした料率考慮も可能。"
AI模擬,4-2 技術保護,,"実用新案登録制度に関して、最も適切と考えられるものはどれか。",実用新案権の存続期間は、設定登録の日から10年である。,実用新案登録出願は、実体審査（新規性・進歩性等）を経ることなく登録される。,実用新案権者は、権利侵害に対し差止請求を行う際、実用新案技術評価書を提示する必要はない。,実用新案登録後に、その出願を特許出願へ変更することは一切認められない。,イ,"実用新案法。無審査主義（14条）を採用。存続期間は出願日から10年。権利行使には評価書の提示と警告が必須（29条の3）。"
AI模擬,4-4 デザイン保護,,"意匠法上の関連意匠制度（令和元年改正以降）に関して、最も適切と考えられるものはどれか。",関連意匠として登録を受けるためには、本意匠の出願日から5年以内にその意匠登録出願をしなければならない。,関連意匠の意匠権の存続期間は、その設定登録の日から25年である。,本意匠と類似せず、関連意匠にのみ類似する意匠（連鎖的関連意匠）も、登録を受けることができる。,関連意匠権は、本意匠の意匠権が消滅した後も、独自の存続期間（25年）が維持される。,ウ,"意匠法10条。本意匠出願から10年以内に出願可能。存続期間は「本意匠の出願日」から25年。連鎖的関連意匠の登録も認められた。"
AI模擬,4-4 デザイン保護,,"2024年4月に施行された意匠法第4条（新規性喪失の例外）の改正内容に関して、最も適切と考えられるものはどれか。",自ら公開した意匠について、公開から1年以内に出願すれば、いかなる場合も証明書の提出が不要となった。,意に反して公開された意匠については、新規性喪失の例外規定の適用を受けることができなくなった。,複数の公開行為がある場合、最先の公開についてのみ証明すれば、その後の同一・類似の意匠の公開についての証明書の提出が免除される。,新規性喪失の例外規定の適用は、日本国内での公開行為に限られ、海外のウェブサイトでの公開は対象外である。,ウ,"意匠法4条（令和5年改正）。SNS等での拡散を考慮し、最先の公開のみを証明すれば、その後の類似意匠の公開は証明免除となる手続緩和が行われた。"
AI模擬,4-1 ブランド保護,,"2024年4月に施行された改正商標法（コンセント制度）に関して、最も不適切と考えられるものはどれか。",先行登録商標権者の承諾（コンセント）があり、かつ出所混同のおそれがないと認められる場合に併存登録を認める制度である。,審査官が混同のおそれがあると判断した場合は、先行権利者の承諾があっても登録は認められない。,コンセント制度により併存登録された後、一方の権利者が不正の目的で混同を生じさせた場合は、不正使用取消審判の対象となる。,コンセント制度による登録後は、先行商標権者から混同防止表示を請求されることはない。,エ,"商標法24条の4。併存登録後も、一方の使用により利益が害されるおそれがあるときは、互いに混同防止表示を請求できる。"
AI模擬,4-1 ブランド保護,,"2024年4月に施行された商標法第4条第1項第8号（他人の氏名）の改正に関して、最も適切と考えられるものはどれか。",他人の氏名を含む商標は、同姓同名の他人が一人でも存在する限り、その全員の承諾を得なければ登録できない。,他人の氏名による拒絶は、その他人が当該分野において需要者の間に広く認識されている場合に限定された。,出願人が自己の氏名を登録しようとする場合、同姓同名の他人の知名度にかかわらず無条件で登録が認められる。,出願人との間に「相当の関連性」があっても、不正の目的がないことを証明できなければ登録は認められない。,イ,"商標法4条1項8号。人格的利益を保護しつつ、知名度のない他人の氏名については承諾を不要とする緩和が行われた。相当の関連性と不正目的のなさがセットで必要。"
AI模擬,4-1 ブランド保護,,"商標権の不使用取消審判（第50条）に関して、最も適切と考えられるものはどれか。",継続して1年以上、日本国内で使用されていないときは、何人も審判を請求できる。,商標権者だけでなく、専用使用権者又は通常使用権者が使用している場合も、取消しを免れることができる。,審判の請求前3ヶ月以内に商標の使用を開始した場合は、いかなる場合も取消しを免れることができる。,不使用取消審判の結果、登録が取り消された場合、その商標権は出願時に遡って消滅する。,イ,"商標法50条。継続3年以上の不使用が要件。使用権者の使用も有効。請求前3ヶ月以内の「駆け込み使用」は、原則として使用と認められない。"
AI模擬,4-3 コンテンツ保護,,"著作権法上の職務著作（第15条）に関して、最も適切と考えられるものはどれか。",プログラムの著作物については、法人等の名義で公表されなければ職務著作とはならない。,法人の業務に従事する者が作成したものであっても、法人の発意に基づかないものは職務著作とはならない。,嘱託社員や派遣社員が作成した著作物は、いかなる場合も職務著作には該当しない。,職務著作が成立した場合でも、著作者人格権は作成した従業員に帰属する。,イ,"著作権法15条。発意、業務従事者、職務上、法人名義公表（プログラム除）、契約の別段の定めなし、の要件が必要。プログラムは公表不要。"
AI模擬,4-3 コンテンツ保護,,"著作権法上の引用（第32条）の要件として、最も不適切と考えられるものはどれか。",公表された著作物を利用すること。,報道、批評、研究その他の引用の目的上正当な範囲内であること。,引用部分とそれ以外の部分の「主従関係」が明確であること。,引用する著作物の著作者の氏名を表示すれば、出所の明示（出典の記載）は不要である。,エ,"著作権法32条、48条。引用には出所の明示が必須。主従関係や必然性も判断材料となる。"
AI模擬,4-3 コンテンツ保護,,"2026年4月施行予定の「未管理公表著作物等の利用に関する新たな裁定制度」に関して、最も適切と考えられるものはどれか。",著作権者が不明な場合のみが対象であり、連絡がつかない場合は対象外である。,利用者は、文化庁長官の登録を受けた「登録確認機関」に対し申請を行う。,裁定により利用できる期間は、一度の申請で著作権の存続期間満了まで認められる。,裁定後に著作権者が現れた場合でも、権利者は裁定の取消しを求めることはできない。,イ,"著作権法67条の3（改正）。権利者と連絡がつかない「未管理」著作物を対象とし、窓口として登録確認機関を活用する。期間は最長3年（更新可）。"
AI模擬,4-3 コンテンツ保護,,"文化庁の最新ガイドライン（令和6年）における「AIと著作権」の考え方に関して、最も適切と考えられるものはどれか。",AI開発・学習段階における著作物の利用は、いかなる場合も著作権者の許諾が必要である。,AIを利用して生成したものが、既存の著作物と「類似性」および「依拠性」を有していても、AIによる生成であれば著作権侵害とはならない。,AIが自律的に生成したものは、原則として著作物には該当しない。,プロンプトに特定の画家の名前を入力して生成させた場合、その「画風」が似ているだけで著作権侵害となる。,ウ,"著作物性は「人の思想又は感情を創作的に表現したもの」に認められる。AIの自律生成は非著作物。画風（アイデア）の模倣は侵害にならない。"
AI模擬,2-2 リスク管理,,"改正不正競争防止法（2024年4月施行）におけるデジタル空間の形態模倣に関して、最も適切と考えられるものはどれか。",リアルの商品の形態をデジタル空間で模倣する行為は、依然として規制の対象外である。,電気通信回線を通じて提供されるデジタル商品の形態模倣も、不正競争行為として差止請求の対象となった。,形態模倣行為の保護期間は、商品の販売（提供）開始日から5年間である。,B社のデジタルデータが、A社のリアル商品と「混同」を生じさせていない場合、本規定に基づく差し止めはできない。,イ,"不正競争防止法2条1項3号。デジタル空間の形態模倣も規制。混同要件は不要（デッドコピー保護）。保護期間は3年。"
AI模擬,2-2 リスク管理,,"不正競争防止法上の営業秘密（2条6項）の3要件として、正しい組み合わせはどれか。",秘密管理性・有用性・非公知性,秘密管理性・事業性・非公知性,秘密管理性・有用性・独創性,秘密管理性・事業性・新規性,ア,"不正競争防止法2条6項。営業秘密の3要件は、秘密管理性（秘密として管理されている）、有用性（事業活動に有用）、非公知性（一般に知られていない）である。"
AI模擬,2-2 リスク管理,,"不正競争防止法第2条第1項第7項の「限定提供データ」に関して、2024年4月の改正内容はどれか。",限定提供データとして保護されるためには、秘密管理されていないことが条件となった。,自社で秘密管理しているビッグデータであっても、他者に提供するものは限定提供データとして保護対象に含まれるようになった。,限定提供データの保護期間は、特許権と同様に出願から20年と定められた。,ドメイン名の不正取得行為が、限定提供データの侵害行為として統合された。,イ,"不競法改正。共有されるビッグデータを保護するため、秘密管理されているデータも限定提供データの範囲に含める拡充が行われた。"
AI模擬,6. 関係法規,,"知的財産に関する国際条約に関して、最も適切と考えられるものはどれか。",パリ条約に基づく優先期間は、特許・意匠・商標のいずれも最初の出願から12ヶ月である。,PCT国際出願において、国際調査報告受領後に国際事務局宛に行う補正は「第34条補正」と呼ばれる。,パリ条約の優先権を主張して出願した場合、特許権の存続期間は最初の出願の日から20年と計算される。,マドリッド協定議定書に基づき、日本で行った登録を基礎として国際登録出願を行うことができる。,エ,"国際条約。優先期間は特許12ヶ月、意匠・商標6ヶ月。第19条補正が国際事務局宛。存続期間は「現実の出願日」から20年。"
AI模擬,5-2 エンフォースメント,,"特許侵害訴訟における防御手段（特許法第104条の3）に関して、最も適切と考えられるものはどれか。",特許に無効理由があることが明らかな場合であっても、権利者は登録を抹消されるまで権利を行使できる。,裁判所は、被告から無効の抗弁が出された場合、特許庁の審決を待たずに権利行使の制限を判断できる。,無効の抗弁が認められた場合、当該特許権は将来に向かって消滅する。,本規定は特許法独自のものであり、実用新案法や商標法には準用されていない。,イ,"特許法104条の3（権利濫用の抗弁）。裁判所が独自に有効性を判断し、無効理由があれば権利行使を認めない。実用新案、意匠、商標にも準用。"
AI模擬,5-2 エンフォースメント,,"関税法に基づく輸入差止（水際対策）に関して、最も不適切と考えられるものはどれか。",特許権、意匠権、商標権、著作権等は、いずれも税関長への輸入差止申立ての対象となる。,税関長は、認定手続において権利侵害があると判断した場合、没収・廃棄等の処分を行うことができる。,認定手続の開始にあたっては、必ず権利者からの申立てが必要であり、税関長が職権で行うことはできない。,個人的に使用する目的（非業）で侵害物品を輸入する行為は、原則として輸入差止の対象外である。,ウ,"関税法。税関長は、申立てがない場合でも職権で認定手続を開始できる（職権探知）。"
AI模擬,6. 関係法規,,"経済安全保障推進法に基づく特許出願の非公開制度に関して、最も適切と考えられるものはどれか。",保全指定を受けた発明は、出願から18ヶ月後に通常通り出願公開される。,特定技術分野の発明について外国に出願しようとする場合、日本へ出願する前に外国出願することは原則禁止される。,保全指定による損失を補償する制度は存在しない。,保全指定を受けた場合、特許料の納付は免除される。,イ,"経済安保法。第一国出願義務（78条）。指定された発明は非公開となり、外国出願が制限される。これによる損失は補償対象となる。"
AI模擬,3-1 調査,,"J-PlatPatを用いた特許調査に関して、最も適切と考えられるものはどれか。",FI（File Index）は、国際的に共通して使用される特許分類記号である。,Fターム（File Forming Term）は、技術的な観点（目的、用途、構造等）から多角的に分類した日本独自の記号である。,出願審査請求をしていない特許出願は、J-PlatPatの検索対象に含まれない。,商標の検索において、称呼（読み方）による検索はできない。,イ,"特許調査。FI・Fタームは日本独自の細分化分類。審査請求の有無にかかわらず、出願公開されれば検索可能。"
AI模擬,6. 関係法規,,"2026年1月に施行される「中小受託取引適正化法（取適法）」に関して、最も適切と考えられるものはどれか。",下請代金支払遅延等防止法（下請法）の名称が変更されたものであり、実質的な内容は変わらない。,従来の資本金基準に加え、新たに「従業員数基準」が導入され、規制対象となる事業者の範囲が拡大される。,情報成果物の作成委託において、デジタルデータの提供は規制対象から除外される。,親事業者の義務として、支払期日を受領から90日以内に定めることが義務付けられる。,イ,"下請法改正。法律名変更とともに、資本金だけでなく従業員数（300人等）による基準が追加され、中堅企業等も規制対象となる可能性が高まった。支払期日は60日以内。"
AI模擬,5-1 契約,,"著作権の譲渡契約において、第27条（翻案権等）および第28条（二次的著作物の利用権）の扱いに関して、最も適切と考えられるものはどれか。",「著作権のすべてを譲渡する」と記載すれば、第27条および第28条の権利も当然に含まれる。,契約書に第27条および第28条の権利を譲渡する旨が特掲されていない場合、これらの権利は譲渡人に留保されたものと推定される。,著作者人格権を譲渡する旨を記載すれば、人格権も譲受人に移転する。,著作権の譲渡は、文化庁への登録が効力発生要件であるため、登録前の契約は無効である。,イ,"著作権法61条2項。翻案権等は特記しない限り譲渡人に留保されると推定される。人格権は譲渡不可。登録は第三者対抗要件。"
AI模擬,4-2 技術保護,,"特許請求の範囲（クレーム）の補正に関して、最も不適切と考えられるものはどれか。",最初の拒絶理由通知を受けた後は、新しい技術的事項を追加する補正ができる。,最後の拒絶理由通知を受けた後の補正は、請求項の削除や誤記の訂正等、厳格に制限される。,補正は、願書に最初に添付した明細書、特許請求の範囲又は図面に記載した事項の範囲内で行わなければならない。,補正によって請求項の数を増やすことが認められる場合がある。,ア,"特許法17条の2。新規事項の追加（当初明細書の範囲外）は禁止。最後の拒絶理由後はさらに目的が制限される。"
AI模擬,4-2 技術保護,,"特許無効審判（123条）に関して、最も適切と考えられるものはどれか。",特許権が消滅した後は、無効審判を請求することができない。,利害関係人に限り、何時でも請求することができる。,無効審決が確定した場合でも、特許権は審決の日から将来に向かってのみ消滅する。,無効審判の請求は、特許請求の範囲の1つの請求項のみを対象とすることはできない。,イ,"特許法123条。利害関係人（無効にすることに法律上の利益を持つ者）のみ請求可能。消滅後も請求可。確定すれば遡及消滅する。請求項ごとの請求が可能。"
AI模擬,5-1 契約,,"独占禁止法における知的財産ライセンスガイドラインに関して、最も不適切と考えられるものはどれか。",ライセンス契約において、販売価格を制限する行為は、原則として不公正な取引方法に該当する可能性がある。,ライセンス期間終了後に、当該技術を使用することを一切禁止する条項は、問題となる可能性がある。,改良発明の権利をすべてライセンス許諾者に帰属させる義務（アサインバック）は、常に認められる。,ライセンスを受けた者が、当該特許の有効性を争わない義務（不争義務）を課すことは、競争を制限する可能性がある。,ウ,"独禁法。改良発明の独占的帰属義務（キャプティブ・アサインバック）は、実施権者の開発意欲を削ぐため不公正な取引方法となる可能性が高い。"
AI模擬,2-1 法務,,"種苗法に基づく品種登録制度に関して、最も適切と考えられるものはどれか。",登録品種の種苗を販売する際、登録品種である旨（PVPマーク等）を表示することは努力義務である。,育成者権者は、登録品種の輸出先国や栽培地域を制限することができる。,品種登録の存続期間は、出願の日から25年（木本性植物は30年）である。,一度譲渡された種苗について、育成者権の効力が及ぶことはいかなる場合もない。,イ,"種苗法。2021年改正で表示が義務化された。輸出先や地域の制限が可能。存続期間は「登録の日」から25年（木本30年）。"
AI模擬,4-3 コンテンツ保護,,"著作隣接権（実演家の権利）に関して、最も不適切と考えられるものはどれか。",実演家は、自己の実演を録音・録画する権利（録音権・録画権）を専有する。,実演家は、自己の実演を送信可能化する権利を有する。,著作隣接権の存続期間は、実演が行われた日の属する年の翌年から70年である。,実演家人格権（氏名表示権、同一性保持権）は、著作権と同様に他人に譲渡することができる。,エ,"著作権法101条の2。実演家人格権は一身専属性を有し、譲渡できない。財産権としての著作隣接権は譲渡可能。"
AI模擬,6. 関係法規,,"知的財産に関する条約のうち、意匠の国際登録に関するものはどれか。",パリ条約,特許協力条約（PCT）,マドリッド協定議定書,ハーグ協定,エ,"ハーグ協定は意匠、マドリッドは商標、PCTは特許、パリは工業所有権全般。"
AI模擬,5-2 エンフォースメント,,"他社から特許侵害の警告を受けた際の実務的な対応として、最も不適切と考えられるものはどれか。",J-PlatPat等を用いて、当該特許の登録原簿を確認し、現在も有効に存続しているか調査する。,当該特許に無効理由があるか調査し、必要に応じて無効審判の請求を検討する。,自社の製品が当該特許の技術的範囲に含まれる場合でも、特許権者に過失がなければ損害賠償を拒否できる。,先使用権（特許法79条）の要件を満たしているか、証拠書類を揃えて検討する。,ウ,"特許法103条。侵害行為には「過失」が推定されるため、無過失の証明は困難。警告後の継続は「故意」とされる。差止請求に故意過失は不要。"
AI模擬,4-2 技術保護,,"経済安全保障推進法に基づき、特許庁長官が行う第一次審査の期間として適切なものはどれか。",特許出願の日から常に3ヶ月以内に行われる。,特定技術分野に属する発明が記載されているとき、出願日から3ヶ月を超えない範囲内で内閣総理大臣に書類が送付される。,出願審査請求がなされた後にのみ開始される。,補正書が提出された場合には、その都度3ヶ月の期間がリセットされる。,イ,"経済安全保障推進法第66条。特許庁長官は、特定技術分野の発明が含まれる場合、出願から3ヶ月以内に内閣府へ送付し保全審査に回す必要がある。"
AI模擬,6. 関係法規,,"日本国内で行われた特定技術分野の発明を外国に出願する際の手順として、最も適切なものはどれか。",保全指定を受ける可能性がある場合でも、パリ条約の優先権を主張すれば直ちに外国出願できる。,日本国内に出願後、保全指定をしない旨の通知を受けるか、10ヶ月が経過するまで外国出願が禁止される。,外国の特許庁に直接出願した後に、日本へ事後的に報告すれば罰則は適用されない。,非公開とされた発明については、WIPO（世界知的所有権機関）への国際出願（PCT出願）を行うことが義務付けられている。,イ,"経済安全保障推進法第78条。特定技術分野の発明は、日本での審査結果が出るまで（原則10ヶ月）外国出願が制限される。違反には罰則がある。"
AI模擬,4-2 技術保護,,"特許出願が保全指定（非公開）を受けたことにより、権利行使ができないために生じた損失に対する補償に関して、最も適切なものはどれか。",国は、保全指定によって生じた損失を通常生ずべき範囲内において補償する。,補償の対象となるのは、中小企業および個人発明家に限定される。,補償金は、保全指定が解除された後に一括して支払われ、指定期間中の支払はない。,補償を受けるためには、出願人があらかじめ「損失補償請求予備申告書」を提出していなければならない。,ア,"経済安全保障推進法第80条。公開が制限される代償として、国が通常生ずべき損失を補償する規定が設けられている。"
AI模擬,4-2 技術保護,,"2026年4月に開始されるオンライン発送制度において、発送日から何日経過したときに書類が到達したとみなされるか。",発送された当日,発送された日の翌日から10日を経過したとき,インターネット出願ソフトを開いてダウンロードした瞬間,発送日の翌日から14日（2週間）を経過したとき,イ,"工業所有権特例法改正（2026年4月施行）。「経過到達」により、オンライン発送から10日経過で到達したものとみなされる。"
AI模擬,4-2 技術保護,,"2026年4月以降、オンライン発送された特定通知等を受領期間内にダウンロードしなかった場合の取り扱いとして、適切なものはどれか。",従来どおり、特許庁から紙の書類が普通郵便で郵送される。,郵送への切り替えは原則廃止され、10日経過により発送日が確定し、紙の書類は届かない。,再度オンライン発送を請求することができる。,代理人の場合は、オンライン受領か郵送かを書類ごとに自由に選択できる。,イ,"工業所有権特例法改正。10日経過による自動到達が導入され、従来行われていた紙の書類による追っかけ郵送は原則廃止される。"
AI模擬,5-1 契約,,"医薬品等の特許権存続期間延長制度の最新の動向（2025年7月改正予定）に関して、最も適切なものはどれか。",延長できる期間の上限が、現在の5年から10年に引き上げられる。,存続期間の延長出願を放棄した場合、その効果が遡及的に無効となる規定が明確化される。,審査請求から3年経過後に特許登録された場合、すべての案件で自動的に延長される。,ジェネリック医薬品の発売可能日がさらに遅れるような延長制度の強化が行われる。,イ,"特許法改正（2025年7月予定）。存続期間延長出願の放棄等の効果を明確化し、実務上の法的安定性を高める規定が整備される。"
AI模擬,4-2 技術保護,,"実用新案権者が権利侵害を理由として相手方に警告を行う際、最も適切な手順はどれか。",登録証の写しを提示すれば、いつでも差止請求ができる。,あらかじめ特許庁が作成した実用新案技術評価書を提示して、警告した後でなければ権利行使できない。,評価書に「新規性・進歩性を否定する先行技術がある」と記載されていても、権利者は自由に警告できる。,評価書の提示は、訴訟を提起した後の証拠調べの段階で行えば足りる。,イ,"実用新案法第29条の3。無審査登録であるため、安定性確認のために技術評価書の提示と警告が法的義務となっている。"
AI模擬,5-2 エンフォースメント,"権利者の販売能力を超える数量の侵害行為があった場合。","特許法第102条第1項による「損害額の算定」として、適切なものはどれか。",販売能力を超える部分については、損害を一切請求できない。,販売能力内の部分は権利者の利益に基づき、能力を超える部分はライセンス料相当額を合算して請求できる。,侵害者が「実施許諾を得る意思がなかった」と証明すれば、合算は認められない。,合算できるのは、侵害者が「故意」に侵害を行った場合に限られる。,イ,"特許法第102条第1項第2号。令和元年改正により、能力超過分についてもライセンス料相当額を損害として合算できるようになった。"
AI模擬,4-2 技術保護,,"自ら発明を公開した後に新規性喪失の例外規定の適用を受けて出願できる期間（猶予期間）はどれか。",公開の日から6ヶ月以内,公開の日から12ヶ月（1年）以内,出願公開の日の前日まで,出願審査請求の日の前日まで,イ,"特許法第30条。2018年の改正以降、猶予期間は6ヶ月から1年に延長されている。"
AI模擬,4-2 技術保護,,"実用新案登録出願をした後、特許出願へ変更することが認められる時期として、最も適切なものはどれか。",実用新案権の登録がなされるまで。,実用新案登録出願の日から3年以内の一定の期間内。,実用新案技術評価書の提示を受けた後であれば、いつでも可能。,実用新案権が設定登録された後は、いかなる場合も変更できない。,イ,"特許法第46条の2。実用新案出願（または登録後）から3年以内等の制限下で、特許への変更が可能である。"
AI模擬,4-1 ブランド保護,,"商標法第4条第4項に基づき、先行登録商標と類似する商標を併存登録するための要件として、最も適切なものはどれか。",先行登録商標権者の承諾（コンセント）があることのみ。,先行登録商標権者の承諾があり、かつ、出所混同のおそれがないと認められること。,出願人が先行商標権者の子会社であること。,両商標が既に3年以上市場で併存して使用されていること。,イ,"商標法第4条第4項（2024年4月施行）。日本のコンセント制度は混同防止の観点から、当事者の合意に加え特許庁の審査を要する。"
AI模擬,4-1 ブランド保護,,"コンセント制度により併存登録された後、実際に需要者の間で混同が生じた場合の対応として、適切なものはどれか。",先に登録された商標権者が、後発の商標権者に対し、商標の使用を差し止めることができる。,一方の商標権者は、他方の商標権者に対し、混同を防止するために必要な表示を付すよう請求できる。,特許庁が職権で、後発の商標登録を無効にする。,いずれの権利者も、不使用取消審判を請求することができなくなる。,イ,"商標法第24条の4。併存登録後も、実害が生じるおそれがある場合は互いに混同防止表示の付加を請求できる。"
AI模擬,4-1 ブランド保護,,"2024年4月以降、他人の氏名を含む商標が出願された際の審査の運用として、適切なものはどれか。",同姓同名の他人が一人でも存在する限り、その他人全員の承諾が必要である。,その他人がその分野において需要者の間に広く認識されていない場合、承諾なしに登録できる。,出願人が自身の氏名を登録しようとする場合、他人の知名度に関わらず常に無条件で登録される。,「相当の関連性」がある場合であっても、他人の承諾がなければ一律に拒絶される。,イ,"商標法第4条第1項第8号改正。拒絶の対象となる「他人」を、その分野で広く認識されている（著名な）他人に限定した。"
AI模擬,4-1 ブランド保護,,"商標法第50条に基づく不使用取消審判を請求できる者として、適切なものはどれか。",当該商標と競合する商品を取り扱う利害関係人に限られる。,何人も（誰でも）請求することができる。,特許庁長官が認めた公的団体に限られる。,登録から5年が経過するまでは、いかなる者も請求できない。,イ,"商標法第50条。登録の整理を図る公益目的から、請求人は利害関係人に限定されず「何人も」可能である。"
AI模擬,4-1 ブランド保護,,"登録商標「アオゾラ」（清涼飲料）に対し不使用取消審判を提起された際、取消しを免れるための使用として適切なものはどれか。",「アオゾラ」に極めて類似する図形を付した商品のみを販売していた。,書体は異なるが、社会通念上同一と認められる「AOZORA」という表記で販売していた。,「アオゾラ」という商標を付した看板を、工場の内部（非公開エリア）に掲示していた。,新聞広告に1回だけ「アオゾラ」を掲載したが、商品の製造・販売は行っていない。,イ,"商標法第50条第1項。書体や表記の変更であっても、社会通念上同一と認められる範囲の使用であれば登録商標の使用とみなされる。"
AI模擬,4-1 ブランド保護,,"地域団体商標（第7条の2）の登録を受けることができる団体として、不適切なものはどれか。",事業協同組合,農業協同組合,法人格を有しない任意の任意団体（サークル等）,商工会議所。,ウ,"商標法第7条の2。地域団体商標は、法人格を有する組合や商工会、商工会議所、NPO法人等に限られる。"
AI模擬,4-1 ブランド保護,,"標準文字による登録を受けた商標の効力に関する記述として、最も適切なものはどれか。",特許庁が指定した特定のフォント（書体）に対してのみ効力が及ぶ。,文字の構成が同一であれば、フォントやデザインにかかわらず、その文字表記そのものに効力が及ぶ。,標準文字による登録は、図形と組み合わされた商標に対しては、いかなる場合も効力を主張できない。,標準文字で登録された場合、商標登録表示（®マーク等）を付すことが禁じられている。,イ,"商標法第5条第3項。標準文字制度は文字そのものの名称を保護する目的であり、特定のデザインに限定されない効力を有する。"
AI模擬,6. 関係法規,,"日本で商標登録出願をした後に、パリ条約の優先権を主張して外国に出願できる期間（優先期間）はどれか。",最初の出願の日から6ヶ月以内,最初の出願の日から12ヶ月（1年）以内,商標が日本で登録された日から6ヶ月以内,出願公開の翌日から3ヶ月以内,ア,"パリ条約第4条。商標および意匠の優先期間は6ヶ月、特許および実用新案は12ヶ月である。"
AI模擬,4-1 ブランド保護,,"商標権の更新登録に関する記述として、最も適切なものはどれか。",更新申請は、存続期間満了の日の3ヶ月前からしか行えない。,更新登録の申請と同時に、指定商品を自由に追加することができる。,登録料を一括で納付するほか、5年ずつの分割納付も認められている。,使用実績がない商標については、更新時に使用証明書を提出しなければならない。,ウ,"商標法第40条第2項。商標権の登録料は10年一括または5年ごとの分割納付が可能である。"
AI模擬,4-1 ブランド保護,,"商標登録出願において、一部の指定商品に拒絶理由が通知された際の対応として、最も適切なものはどれか。",拒絶理由のない指定商品のみを「分割出願」により切り出し、先行して登録を目指す。,商標そのもののデザインを大幅に変更する補正を行う。,拒絶理由通知に対する回答期限を、無条件で1年間延長する。,分割出願を行うには、特許庁による「判定」をあらかじめ受ける必要がある。,ア,"商標法第10条。分割出願により問題のない指定商品を早期権利化し、残りの部分は争い続ける実務が一般的である。"
AI模擬,4-4 デザイン保護,,"意匠法の保護対象に関する記述として、最も適切なものはどれか。",不動産である建築物（住宅、工場、橋梁等）は、依然として意匠法の保護対象外である。,店舗の内装全体として統一的な美感を起こさせるものは、一意匠として登録を受けられる。,内装意匠の登録を受けるには、構成するすべての物品について、別途個別に意匠登録を受けていなければならない。,建築物の外観は、それが土地に定着していない（プレハブ住宅等）場合に限り登録できる。,イ,"意匠法第2条、第8条の2。令和元年改正により「建築物」や「内装」が保護対象に追加された。"
AI模擬,4-4 デザイン保護,,"2024年4月に施行された意匠法第4条（新規性喪失の例外）の改正内容として、適切なものはどれか。",自ら公開した意匠については、いかなる場合も証明書の提出が不要となった。,複数の公開行為がある場合、最先の公開についてのみ証明すれば、その後の同一・類似の公開についての証明書の提出が免除される。,例外規定の適用を受けるための期間が、公開日から6ヶ月に短縮された。,意に反して公開された場合は、本規定の適用を受けることができなくなった。,イ,"意匠法第4条改正（2024年4月施行）。デジタル拡散に配慮し、最先の公開のみ証明すれば、それ以降の公開の証明を免除する緩和が行われた。"
AI模擬,4-4 デザイン保護,,"令和元年の改正以降、関連意匠を出願できる期間（期限）はいつまでか。",本意匠の出願公開の日まで。,本意匠の登録公報が発行される前日まで。,本意匠（基礎意匠）の出願日から10年を経過する日前まで。,本意匠の存続期間が満了するまでであればいつでも。,ウ,"意匠法第10条。関連意匠の出願可能期間は、基礎意匠の出願日から10年に延長された。"
AI模擬,4-4 デザイン保護,,"関連意匠権の存続期間の終期に関する記述として、最も適切なものはどれか。",関連意匠の登録の日から25年。,関連意匠の出願の日から25年。,本意匠（基礎意匠）の出願の日から25年。,本意匠の登録の日から20年。,ウ,"意匠法第21条。関連意匠の存続期間は、基礎意匠の出願日から25年である。"
AI模擬,4-4 デザイン保護,,"意匠法における「類似」の判断は、誰の視点を基準に行われるか。",その分野におけるデザインの専門家（デザイナー等）。,当該物品の需要者（取引者・消費者）。,特許庁の審査官が主観的に判断する。,平均的な知能を有する一般市民。,イ,"意匠法第24条第2項。意匠の類否は、需要者の視覚を通じて起こさせる美感に基づいて判断される。"
AI模擬,4-4 デザイン保護,,"画像意匠（第2条）として登録できるものの範囲に関して、適切なものはどれか。",物品に記録・表示されている画像に限定される。,機器の操作の用に供されるもの（操作画像）等であれば、物品を離れた（クラウド上の）画像単体でも登録できる。,デスクトップの壁紙やゲームの背景のような装飾的な画像も一律に登録できる。,映画のワンシーンを切り出した静止画は、画像意匠として登録が義務付けられている。,イ,"意匠法第2条。改正により、物品に表示されていない画像（ネットワーク経由の操作画像等）も単独で保護対象となった。"
AI模擬,4-3 コンテンツ保護,,"文化庁のガイドライン（令和6年）における、AI生成物による著作権侵害の考え方として適切なものはどれか。",AIが自動的に生成したものであれば、既存の著作物と酷似していても侵害にはならない。,既存の著作物との「類似性」および、学習データに含まれていた等の「依拠性」が認められれば、通常の著作権侵害と同様に扱われる。,プロンプトに特定のクリエイターの名前を入力することは、それ自体が犯罪となる。,生成物の類似性をチェックする義務は、AIの開発者にのみあり、利用者にはない。,イ,"文化庁「AIと著作権に関する考え方」。AI生成物であっても、既存の著作物との類似性・依拠性が認められれば著作権侵害を構成する。"
AI模擬,4-3 コンテンツ保護,,"AIが自律的に生成したコンテンツ（人の創作的寄与がないもの）の著作権に関する判断として、最も適切なものはどれか。",AI自体に著作権が発生する。,AIを利用したユーザーに当然に著作権が発生する。,著作物には該当せず、著作権は発生しない。,公表から70年間の保護が自動的に開始される。,ウ,"著作権法第2条。著作物は「人の思想又は感情を創作的に表現したもの」であり、AIの自律性生物はこれに該当しない。"
AI模擬,2-2 リスク管理,,"不正競争防止法第2条第1項第3号（形態模倣）に関して、2024年4月施行の改正内容はどれか。",形態模倣の保護期間が、販売から3年から5年に延長された。,デジタル空間（メタバース等）における商品の形態模倣行為も規制対象となった。,模倣品を「購入」する行為そのものに刑事罰が科されるようになった。,自ら意匠登録を受けている場合は、不競法による保護は受けられない。,イ,"不正競争防止法第2条第1項第3号。改正により、電気通信回線を通じて提供されるデジタル商品の形態模倣も規制対象となった。"
AI模擬,2-2 リスク管理,,"不正競争防止法における「限定提供データ」の最新の改正（2024年4月）に関して、適切なものはどれか。",秘密管理されているデータは、限定提供データの対象外となった。,自社で秘密管理しているビッグデータであっても、他者に共有するものは限定提供データとして保護される。,限定提供データの侵害に対する罰則が廃止された。,限定提供データとして保護される期間は一律10年である。,イ,"不正競争防止法第2条第7項。共有されるビッグデータの重要性に鑑み、秘密管理されているデータも限定提供データの範囲に含める拡充が行われた。"
AI模擬,4-2 技術保護,,"特許法における「出願審査の請求」に関する記述として、最も適切なものはどれか。",出願審査の請求は、特許出願人以外の第三者は行うことができない。,出願審査の請求期間は、特許出願の日から3年以内である。,出願審査の請求は、出願と同時に行わなければならない。,出願公開がなされる前は、出願審査の請求を行うことができない。,イ,"特許法第48条の3。出願審査の請求は出願日から3年以内に行う必要があり、何人も（誰でも）可能である。"
AI模擬,4-3 コンテンツ保護,,"2026年4月に開始される新たな裁定制度において、裁定の窓口となるのはどこか。",文化庁長官に直接申請する。,文化庁長官の登録を受けた「登録確認機関（民間の窓口団体）」。,各地方自治体の教育委員会。,裁判所の知財部。,イ,"著作権法第67条の3（2026年4月施行）。申請の迅速化のため、民間の登録確認機関が窓口となる新制度が開始される。"
AI模擬,4-3 コンテンツ保護,,"2026年開始の裁定制度に関するコスト面の説明として、適切なものはどれか。",申請手数料は無料で、補償金のみを支払えばよい。,申請手数料（13,800円程度）と、通常の使用料相当額の補償金の供託が必要である。,補償金の額は、利用者が自ら自由に決定することができる。,裁定後に著作権者が現れた場合、供託した補償金は国庫に没収される。,イ,"著作権法施行令改正案。1万3800円の手数料と、市場相場相当の補償金の供託が求められる。"
AI模擬,4-3 コンテンツ保護,,"AI学習のために著作物を利用する際の法的根拠となる規定に関して、最も適切なものはどれか。",私的使用のための複製（第30条）に基づき、いかなる学習も自由である。,著作物に表現された思想又は感情を自ら享受し又は他人に享受させることを目的としない場合は、原則として許諾なく利用できる。,非営利目的の学習であれば、享受目的であっても許諾は不要である。,学習データに海賊版サイトのコンテンツが含まれている場合でも、本条項により常に免責される。,イ,"著作権法第30条の4。データ解析などの「非享受目的」であれば、原則として著作権者の許諾なく利用可能である。"
AI模擬,4-3 コンテンツ保護,,"著作者人格権の取り扱いに関して、適切なものはどれか。",著作者人格権は、相続人に引き継がれる。,著作者人格権は、他人に譲渡することができない（一身専属）。,法人が「職務著作」により著作者となる場合、著作者人格権は発生しない。,死後においては、著作者人格権を侵害する行為をしても法的な問題は生じない。,イ,"著作権法第59条。人格権は著作者のみに帰属し、譲渡や相続は認められない（一身専属性）。"
AI模擬,5-1 契約,,"著作権を譲渡する契約において、第27条および第28条について特掲（明記）しなかった場合の取り扱いとして、適切なものはどれか。",第27条および第28条も当然に譲渡されたものとみなされる。,第27条および第28条は、譲渡人に留保されたものと推定される。,契約書そのものが無効となる。,第27条のみが譲渡され、第28条は留保されたとみなされる。,イ,"著作権法第61条第2項。翻訳・翻案権等は特記しない限り譲渡人に留保されると推定される。"
AI模擬,4-3 コンテンツ保護,,"プログラムの著作物における職務著作の要件として、通常の著作物（小説等）と異なる点はどれか。",法人の「発意」に基づく必要がない。,法人等の名義で「公表」されることを要件としない。,業務に従事する者が作成したものでなくてもよい。,契約で別段の定めをすることができない。,イ,"著作権法第15条第2項。プログラムは公表されない実態に鑑み、法人名義での公表要件が免除されている。"
AI模擬,4-3 コンテンツ保護,,"著作権法上の引用（第32条）として認められるために、不適切なものはどれか。",自分の文章（主）と引用する文章（従）の主従関係が明確であること。,引用部分を枠線などで囲み、自らの文章とはっきりと区別すること。,出所（出典）を明示すること。,自分の文章を補足する必然性がない場合であっても、出所さえ明示すれば自由に引用できる。,エ,"著作権法第32条。引用には「目的上正当な範囲内」であることが求められ、必然性のない利用は引用と認められない。"
AI模擬,4-3 コンテンツ保護,,"実演家（歌手、俳優等）に認められている実演家人格権の内容に含まれないものはどれか。",氏名表示権,同一性保持権,公表権,著作隣接権。,ウ,"著作権法第101条の2。実演家の人格権には氏名表示権と同一性保持権が認められているが、公表権は含まれない。"
AI模擬,5-2 エンフォースメント,,"著作権の登録制度（実名登録、創作年月日登録等）の主な法的効果として、適切なものはどれか。",登録しなければ、著作権が発生しない（発生要件）。,登録することによって、第三者に対して権利の移転などを対抗できる（対抗要件）。,登録すれば、著作権の存続期間がさらに20年延長される。,登録により、著作権侵害訴訟における損害額の立証責任が免除される。,イ,"著作権法第77条。無方式主義のため登録は発生要件ではないが、第三者への対抗要件となる。"
AI模擬,2-2 リスク管理,,"2026年1月施行の取適法において、製造委託等の場合に委託事業者（親事業者）となる基準として、適切なものはどれか。",資本金が3億円を超えていることのみ。,資本金が3億円を超える、または常時使用する従業員数が300人を超えていること。,年間の売上高が100億円を超えていること。,上場企業であること。,イ,"中小受託取引適正化法（2026年1月施行）。資本金基準に加え、新たに「従業員数基準」が導入される。"
AI模擬,2-2 リスク管理,,"取適法（2026年1月施行）で新たに禁止行為として追加されるものはどれか。",下請代金の減額,返品,受注者からの価格協議の申し出に対し、協議に応じないこと。,契約書面の交付を怠ること。,ウ,"中小受託取引適正化法。従来の「買いたたき」に加え、誠実な協議に応じない行為も法的禁止事項となった。"
AI模擬,2-2 リスク管理,,"取適法における代金の支払手段に関する記述として、適切なものはどれか。",支払期日が120日以内の手形であれば、従来どおり適法である。,約束手形による支払は原則として禁止される。,電子記録債権（でんさい）であっても、現金化に伴う手数料を受領側に負担させることは常に適法である。,銀行振込の手数料を、あらかじめ合意があれば一律に受託側の負担とすることができる。,イ,"中小受託取引適正化法。中小企業の資金繰り配慮のため、原則として手形払等が禁止される。"
AI模擬,2-1 法務,,"改正種苗法（令和3年施行）において、登録品種の種苗を販売する際の表示義務に関して、適切なものはどれか。",登録品種である旨の表示は努力義務である。,「登録品種である旨」の表示および輸出制限等の有無を表示することが法的義務となった。,表示を怠っても、過料などの罰則は存在しない。,表示は、種苗の袋に直接印刷しなければならず、タグでの代用は認められない。,イ,"種苗法第21条。登録品種である旨等の表示が義務化され、違反には10万円以下の過料の罰則がある。"
AI模擬,2-1 法務,,"改正種苗法に基づき、農業者が登録品種の種苗を次期栽培のために増やす「自家増殖」の取り扱いとして、適切なものはどれか。",農業者は、登録品種であっても自由に自家増殖できる。,登録品種の自家増殖には、育成者権者の許諾が必要となった。,在来種（一般品種）についても、自家増殖には国の許可が必要となった。,自家増殖の制限は、海外から輸入した種苗にのみ適用される。,イ,"種苗法。2022年4月の改正により、登録品種の自家増殖は育成者権者の許諾が必要な「許諾制」となった。"
AI模擬,2-2 リスク管理,,"他人の商品の形態を模倣した商品を販売等する行為（デッドコピー）の保護期間として、適切なものはどれか。",商品の販売開始から5年間,商品の販売開始から3年間,意匠登録の日から25年間,特許出願から20年間。,イ,"不正競争防止法第19条第1項第5号。形態模倣行為の規制（2条1項3号）は、販売開始日から3年間である。"
AI模擬,2-2 リスク管理,,"2024年4月に施行された改正不正競争防止法における「限定提供データ」の最新の改正（2024年4月）に関して、適切なものはどれか。",秘密管理されているデータは、限定提供データの対象外となった。,自社で秘密管理しているビッグデータであっても、他社に共有（提供）するものは限定提供データとして保護される。,限定提供データの侵害に対する差止請求権が廃止された。,ドメイン名の不正取得が、限定提供データの定義に統合された。,イ,"不正競争防止法改正。秘密管理されている共有データも保護対象に含め、企業のデータ利活用を促進する措置が取られた。"
AI模擬,4-2 技術保護,,"特定技術分野の発明について、保全指定の有無を確認せずに外国出願を行った場合の罰則（2025年7月以降）として、適切なものはどれか。",10万円以下の過料,1年以下の懲役又は50万円以下の罰金,法人の場合は、罰金3億円以下,特許料を通常の10倍支払う義務。,イ,"経済安全保障推進法第92条。外国出願禁止義務違反には、懲役または罰金が課せられる刑事罰がある。"
AI模擬,2-1 法務,,"ライセンサーがライセンシーに対し「他社技術を一切使用してはならない」と競合品の取り扱いを禁止する行為の法的判断として、適切なものはどれか。",知的所有権の行使であるため、独占禁止法は一切適用されない。,公正な競争を阻害するおそれがある場合、不公正な取引方法に該当する可能性がある。,契約書に記載されていれば、いかなる場合も適法である。,中小企業に対するライセンスにのみ適用され、大企業間では問題にならない。,イ,"独占禁止法。知的財産の行使であっても、不当に競争を制限する条項は独禁法違反となり得る。"
AI模擬,2-2 リスク管理,,"取適法に基づき、委託事業者が支払期日を過ぎて代金を支払った場合に課せられる遅延利息の年率はどれか。",年3.0%（民事法定利率）,年14.6%,年5.0%,年20.0%。,イ,"中小受託取引適正化法（および下請法）。支払遅延時の利息は年14.6%と定められている。"
AI模擬,4-2 技術保護,,"2026年4月に開始されるオンライン発送制度において、「10日ルール（経過到達）」が適用されるための前提条件として、適切なものはどれか。",特許庁から「到達予告」のメールを受け取っていること。,「特定通知等を受ける旨の届出」をあらかじめ特許庁に行っていること（代理人の場合は必須）。,出願人がマイナンバーカードを保有していること。,過去に一度も書面による手続を行っていないこと。,イ,"工業所有権特例法第5条の2。オンライン発送を利用するには事前の届出が必要であり、弁理士等の代理人はこの届出が義務化されている [1, 2]。"
AI模擬,4-2 技術保護,,"2026年4月以降、経過到達（10日ルール）によって発送日が確定した書類について、起算日の数え方として適切なものはどれか。",受取可能となった当日から数えて10日目。,受取可能となった日の翌日から起算して10日を経過した時。,インターネット出願ソフトにログインした日の翌日。,書類をダウンロードして内容を確認した翌日。,イ,"特例法改正案。インターネット出願ソフトで受取可能となった日の「翌日」から暦日で10日を経過した時に到達したものとみなされる [3]。"
AI模擬,4-2 技術保護,,"オンライン発送制度の改正（2026年4月）後、特許証や登録証の受領方法に関して、最も適切なものはどれか。",特許証は重要書類であるため、オンライン発送の対象外となり、必ず郵送される。,「特定通知等を受ける旨の届出」をしている場合、特許証もオンラインで発行され、紙の証書は郵送されない。,特許証のみ、オンラインで受領した後に特許庁へ返送すれば、紙の証書が発行される。,オンラインで発行された特許証には、法的効力がないため、別途「特許原簿」を申請しなければならない。,イ,"改正特例法。特許証や登録証もオンライン発送の対象となる。紙の証書が欲しい場合は、別途「再交付請求」等の手続が必要となる [3, 1]。"
AI模擬,6. 関係法規,,"経済安全保障推進法に基づき「保全指定（非公開）」を受けた出願について、その後の手続の制限として適切なものはどれか。",出願人は、保全指定の期間中であっても、特許請求の範囲を自由に補正することができる。,保全指定された発明については、原則として発明の内容を他人に開示することが禁止される。,出願人は、保全指定を受けた後であれば、内閣府の許可なくいつでも外国出願に切り替えることができる。,保全指定された発明は、特許庁の審査を待たずに直ちに「秘密特許権」として設定登録される。,イ,"経済安全保障推進法第71条等。保全指定された発明は内容の開示が制限される。許可なく開示した場合は刑事罰の対象となる [4, 5]。"
AI模擬,4-1 ブランド保護,,"2024年4月に導入された商標の「コンセント制度」において、審査官が「混同のおそれがある」と判断した場合の帰結として、適切なものはどれか。",先行権利者の承諾書があるため、審査官の判断に関わらず登録される。,先行権利者の承諾書があっても、審査官が混同のおそれがあると判断した場合は、登録を受けることができない。,登録は認められるが、商標権の存続期間が通常の10年から5年に短縮される。,登録後に第三者から「登録異議の申立て」がなされた場合に限り、無効となる。,イ,"商標法第4条第4項。日本のコンセント制度は、当事者の合意に加え、特許庁が公共の利益（混混同防止）の観点から適否を判断する「限定的コンセント」である [6, 7]。"
AI模擬,4-1 ブランド保護,,"2024年4月施行の改正商標法第4条第1項第8号（他人の氏名）に関して、登録が認められないケースはどれか。",その他人が当該分野において需要者の間に広く認識されており、かつ承諾を得ていない場合。,その他人の氏名が「ありふれた氏」であり、かつその他人が著名ではない場合。,出願人が自己の氏名を商標として使用しており、かつ不正の目的がない場合。,その他人が死亡している場合。,ア,"商標法第4条第1項第8号。拒絶の対象となるのは、その他人が「当該分野で広く認識されている」場合に限定された [6, 7]。"
AI模擬,2-2 リスク管理,,"2026年1月施行の中小受託取引適正化法（取適法）において、情報成果物作成委託（プログラム作成等）の際の委託事業者の基準として、適切なものはどれか。",資本金が5,000万円を超える、または常時使用する従業員数が100人を超えること。,資本金が1,000万円を超えることのみ。,資本金が3億円を超える、または常時使用する従業員数が300人を超えること。,上場企業であること。,ア,"取適法（2026年施行）。情報成果物作成委託等の場合、従業員数「100人」が新たな基準となる（製造委託等は300人） [8, 9]。"
AI模擬,2-2 リスク管理,,"取適法（2026年施行）において、禁止行為として新設された「協議に応じない一方的な代金決定」に該当する可能性が高い行為はどれか。",受注者からの価格交渉の申し出に対し、メールで「検討中」と回答し、1週間後に協議の場を設けた。,原材料費の高騰による値上げ要請に対し、一切の説明や協議を行わず、従来通りの価格で発注を継続した。,価格協議の結果、双方が納得し、代金を据え置くことで合意した。,発注時に代金の額を明確に記載した書面を交付した。,イ,"取適法（旧下請法改正）。受注者からの価格協議の申し出に対し、協議の場を設けなかったり、必要な説明を怠ったりすることは、新設された禁止規定に抵触する [10, 11]。"
AI模擬,2-2 リスク管理,,"取適法（2026年施行）で禁止される「支払手段」に関する記述として、適切なものはどれか。",支払期日が60日以内の現金による振込であれば、常に適法である。,約束手形による支払は、中小受託事業者の資金繰り負担となるため、原則として禁止される。,電子記録債権による支払は、いかなる場合も現金と同等とみなされ、制限を受けない。,振込手数料を受注者に負担させることは、当事者間の合意があれば常に認められる。,イ,"取適法。中小企業の負担軽減のため、約束手形による支払が原則禁止される。また、振込手数料の負担についても委託事業者側が負担するよう運用が厳格化される [8, 11]。"
AI模擬,4-3 コンテンツ保護,,"2026年4月に開始される「未管理著作物等の裁定制度」における「補償金」の考え方として、適切なものはどれか。",利用者が自分で決めた任意の金額を文化庁に支払う。,通常の使用料相当額として、あらかじめ定められた基準（相場）に基づき決定された額を供託する。,著作権の存続期間が終了するまで、毎年定額を支払い続ける。,補償金は無料であり、申請手数料（13,800円）のみで利用できる。,イ,"著作権法第67条の3（2026年施行）。「通常の使用料相当額」を補償金として預けることで、連絡がつかない著作物を合法的に利用できる [12, 13]。"
AI模擬,4-3 コンテンツ保護,,"文化庁の2024年ガイドラインにおける、AI学習と「著作権者の利益を不当に害する」場合として、適切なものはどれか。",AI学習用として販売されているデータベース著作物を、スクレイピング等により無許諾で学習に利用する場合。,AI学習の結果、特定のアーティストの画風と似た画像が生成された場合。,AI学習のために、インターネット上で公開されている著作物を、非享受目的で大量に複製する場合。,AI学習に用いるために、自らが購入した書籍をスキャンしてデータ化する場合。,ア,"著作権法第30条の4ただし書。AI学習用データベースとして販売されているものを無断利用することは、権利者の市場を不当に阻害するため認められない [14, 15]。"
AI模擬,2-1 法務,,"改正種苗法（2022年4月完全施行）により、登録品種の「自家増殖」を行うために必要となった手続はどれか。",農林水産大臣への「自家増殖報告書」の提出。,育成者権者（開発者）からの許諾を得ること。,増殖した種苗を、近隣の農家に無償で配布すること。,一般品種（在来種）として再度登録し直すこと。,イ,"種苗法。2022年4月以降、登録品種（PVPマーク等があるもの）の自家増殖は育成者権者の許諾が必要な「許諾制」となった [16, 13]。"
AI模擬,2-1 法務,,"改正種苗法における「登録品種」の表示義務に関して、違反した場合の罰則として適切なものはどれか。",10万円以下の過料。,1,000万円以下の罰金。,育成者権の強制的な消滅。,次年度以降の栽培禁止命令。,ア,"種苗法第21条。登録品種である旨等の表示（法的義務）を怠った場合、10万円以下の過料が科される可能性がある [17, 18]。"
AI模擬,5-2 エンフォースメント,,"2024年4月に施行された改正不正競争防止法において、デジタル空間（メタバース等）での形態模倣行為が規制された背景として、適切なものはどれか。",デジタルデータは意匠法での保護が不可能であるため。,デジタル空間における模倣品の流通が、現実の商品（リアル商品）の販売を阻害する実態があるため。,不競法により、登録なしに半永久的にデジタルデザインを保護するため。,デジタル空間には著作権法が適用されないため。,イ,"不競法改正（2024年4月）。デジタル空間での模倣品提供が現実の市場に及ぼす影響を考慮し、規制対象に追加された [6, 19]。"
AI模擬,4-4 デザイン保護,,"意匠法における「関連意匠」の出願可能期間が延長された後の期限はどれか。",本意匠（基礎意匠）の出願日から5年以内。,本意匠の出願日から10年を経過する日前まで。,本意匠の存続期間が終了するまで。,本意匠が登録されてから3年以内。,イ,"意匠法第10条。令和元年の改正により、関連意匠の出願期間は「10年」に延長された [20, 21]。"
AI模擬,4-4 デザイン保護,,"意匠法における「建築物の意匠」として登録が認められる可能性があるものはどれか。",土地に定着していない移動式のテント小屋。,工場、競技場、橋梁などの土木構造物。,自然の岩山を彫刻して作成した展望台。,音や香りで演出された特定の空間デザイン。,イ,"意匠審査基準（2020年〜）。「土地定着物」かつ「人工構造物」であれば、住宅だけでなく橋梁やダム等も保護対象となる [20, 21]。"
AI模擬,5-1 契約,,"特許法第35条における「職務発明」の権利帰属に関して、契約や就業規則に別段の定めがない場合の原則的な帰属先はどこか。",発明を完成させた瞬間に、会社（使用者）に帰属する。,発明者（従業者）に帰属する。,会社と従業者の共有となる。,特許庁が認定した貢献度に応じて按分される。,イ,"特許法第35条第3項。あらかじめ権利承継を定めていない限り、特許を受ける権利は発明者個人に帰属する [7]。"
AI模擬,5-2 エンフォースメント,,"特許法第102条第1項第2号（令和元年改正）により、権利者の販売能力を超える数量の侵害行為があった場合、どのように損害額を算定できるか。",能力を超える部分は損害とみなされず、賠償を請求できない。,能力を超える部分については、実施料（ライセンス料）相当額を損害として合算できる。,侵害者の販売数量すべてに、侵害者の利益率を乗じた額を請求できる。,常に一律3億円の賠償額が適用される。,イ,"特許法第102条1項2号。能力超過分をライセンス料相当として合算可能になったことで、権利保護が強化された [7]。"
AI模擬,4-2 技術保護,,"特許出願の非公開制度（経済安保法）において、日本国内で行われた発明を先に外国へ出願（第一国出願）することが禁止される条件はどれか。",発明者が外国籍である場合。,当該発明が「特定技術分野（ステルス技術等）」に属する場合。,出願人が中小企業である場合。,発明がデジタル技術に関連する場合。,イ,"経済安全保障推進法第78条。特定技術分野に属する発明は、日本での保全審査を経る前の外国出願が制限される [4, 5]。"
AI模擬,3-1 調査,,"J-PlatPatを用いた意匠調査において、2020年以降に登録された「建築物」や「内装」を検索するための手法として、適切なものはどれか。",キーワード検索で「建築物」と入力すれば、すべての建築意匠が抽出される。,日本意匠分類（D分類）において、建築物等に割り当てられた特定の分類記号を用いる。,特許分類（IPC）を用いて検索する。,建築意匠はJ-PlatPatでは非公開となっているため、特許庁へ直接閲覧申請する。,イ,"J-PlatPat実務。建築物や内装は専用の意匠分類が割り振られているため、それらを用いて検索することが効率的である [AI模擬]。"
AI模擬,4-1 ブランド保護,,"商標権の「分割納付制度」に関する記述として、適切なものはどれか。",登録料を5年分ずつ2回に分けて納付することができる。,分割納付を選択した場合、10年一括納付よりも合計金額が安くなる。,2回目の納付を忘れた場合でも、商標権は自動的に存続する。,分割納付は、個人事業主に限り認められる制度である。,ア,"商標法第40条第2項。5年ごとの分納が可能。ただし、合計額は一括納付より割高になるのが一般的である [22]。"
AI模擬,4-1 ブランド保護,,"商標の「不使用取消審判」において、取消しを免れるための「正当な理由」として認められる可能性が最も高いものはどれか。",景気後退により、一時的に販売を休止していた場合。,法律による販売制限や、天災などによりやむを得ず使用できなかった場合。,単に広告宣伝の予算が不足していた場合。,後で使う予定があったが、準備が間に合わなかった場合。,イ,"商標法第50条。権利者の責めに帰すことができない客観的な障害がある場合に限り、正当な理由として認められ得る [7]。"
AI模擬,4-1 ブランド保護,,"マドリッド協定議定書（マドプロ）に基づく国際登録出願において、基礎となる日本での登録が5年以内に消滅した場合、国際登録も連動して消滅する制度を何と呼ぶか。",セントラル・アタック,ディレイド・アタック,グローバル・キャンセル,ライツ・ロスト。,ア,"マドプロ特有の制度。5年間の「従属性」の期間内に基礎登録が消滅すると、すべての指定国での国際登録が失効する [AI模擬]。"
AI模擬,4-2 技術保護,,"特許法における「国内優先権」の主張期間として、適切なものはどれか。",最初の出願の日から6ヶ月以内。,最初の出願の日から1年（12ヶ月）以内。,最初の出願の日から18ヶ月以内。,最初の出願の登録がなされるまで。,イ,"特許法第41条。特許の国内優先権は、基礎となる出願の日から1年以内に主張して出願する必要がある [AI模擬]。"
AI模擬,4-4 デザイン保護,,"意匠登録出願において、図面に代えて「写真」を提出する場合の注意点として、適切なものはどれか。",写真は白黒でなければならず、カラー写真は認められない。,背景に物品以外のものが写り込んでいない、鮮明なものでなければならない。,写真提出の場合、意匠の存続期間が通常より5年短くなる。,写真を用いる場合は、必ず「見取図」を添付しなければならない。,イ,"意匠法施行規則。意匠を特定するために不要な背景や影は排除し、鮮明な画像を提出することが求められる [22]。"
AI模擬,4-3 コンテンツ保護,,"著作権法上の「職務著作」において、従業員が作成した著作物を「法人等の名義で公表」することが要件とされないものはどれか。",小説の著作物。,プログラムの著作物。,写真の著作物。,映画の著作物。,イ,"著作権法第15条第2項。プログラムは公表されない実態に鑑み、法人名義での公表要件が免除されている [7, 22]。"
AI模擬,5-1 契約,,"著作権の譲渡契約において、譲受人が将来「この作品を元にした続編（二次的著作物）を自由に作りたい」場合、契約書に明記すべき条文はどれか。",著作権法第17条（著作者人格権）の譲渡。,著作権法第27条（翻訳・翻案権）および第28条（二次的著作物の利用権）の譲渡。,著作権法第30条（私的使用）の放棄。,著作権法第32条（引用）の許諾。,イ,"著作権法第61条第2項。27条・28条は特記しない限り譲渡人に留保されると推定されるため、必ず明記が必要である [7, 22]。"
AI模擬,5-2 エンフォースメント,,"関税法に基づく輸入差止（水際対策）において、税関長が権利侵害の有無を判断するために行う手続を何と呼ぶか。",認定手続,審査請求,判定手続,公聴会。,ア,"関税法。輸入者・権利者の双方に意見を聴き、侵害物品か否かを判断するプロセスを「認定手続」と呼ぶ [22, 23]。"
AI模擬,4-2 技術保護,,"特許法における「新規性喪失の例外（第30条）」の適用を受ける際、出願から何日以内に証明書を提出する必要があるか。",10日以内。,30日以内。,60日以内。,180日以内。,イ,"特許法第30条第3項。出願と同時に申請を行い、出願日から30日以内に客観的な証明書類を提出しなければならない [7]。"
AI模擬,4-1 ブランド保護,,"商標法において、登録商標の効力が及ばない範囲として適切なものはどれか。",指定商品に類似する商品への使用。,自己の氏名を普通に用いられる方法で表示する商標。,登録商標と外観のみが異なる類似商標の使用。,ライセンスを受けていない第三者による業としての使用。,イ,"商標法第26条。自己の氏名や名称を普通に用いる方法で表示する場合、商標権の効力は制限される [22]。"
AI模擬,2-2 リスク管理,,"不正競争防止法第2条第1項第1号（周知表示混同惹起行為）が認められるために必要な要件はどれか。",商標登録を受けていること。,当該表示が需要者の間に広く認識されている（周知である）こと。,当該表示が日本全国で著名であること。,侵害者が故意に模倣したことを証明すること。,イ,"不競法2条1項1号。登録は不要だが、一定の地域で「広く認識されている（周知）」ことが要件となる [AI模擬]。"
AI模擬,4-2 技術保護,,"特許庁による「拒絶査定」に不服がある場合、出願人が取り得る手続として適切なものはどれか。",異議申立てを行う。,拒絶査定不服審判を請求する。,特許庁長官に対し、再審査を求める。,直ちに東京地方裁判所へ提訴する。,イ,"特許法第121条。拒絶査定を受けた日から3ヶ月以内に、審判を請求して再審査を求めることができる [22]。"
AI模擬,4-3 コンテンツ保護,,"著作権法第30条の4（非享受目的の利用）に基づき、AI学習に著作物を利用できる条件として、最も適切なものはどれか。",非営利目的での利用に限られる。,著作権者の利益を不当に害しない範囲において、いずれの方法によるかを問わず利用できる。,利用する著作物の出典を、学習データごとにすべて明記すること。,AI生成物を販売しないことが条件となる。,イ,"著作権法第30条の4。非享受目的（データ解析等）であれば原則自由だが、権利者の利益を不当に害する場合は除外される [24, 14]。"
AI模擬,2-2 リスク管理,,"営業秘密（不競法）の要件の一つである「非公知性」の意味として、適切なものはどれか。",秘密として厳重に金庫に保管されていること。,一般的には知られておらず、入手することができない状態であること。,特許として出願されていないこと。,従業員全員が秘密保持契約に署名していること。,イ,"不競法第2条第6項。保有者の管理下以外では一般に入手できない状態を指す [22]。"
AI模擬,4-4 デザイン保護,,"2024年4月に施行された「新規性喪失の例外手続の簡素化（意匠法）」の内容として、適切なものはどれか。",最先の公開について証明書を提出すれば、その後の同一・類似の意匠の公開についての証明書の提出が免除される。,公開から1年以内であれば、証明書の提出自体が一切不要となった。,海外での公開行為については、本規定を適用できなくなった。,デジタル空間での公開に限り、10日以内に申請すれば足りるようになった。,ア,"意匠法第4条改正（令和5年）。拡散の多いデジタル時代に合わせ、最初の一回のみを証明すれば足りるようになった [21, 25]。"
AI模擬,5-1 契約,,"共同開発契約において、発明が完成した際の特許出願の取り扱いとして、不適切なものはどれか。",特許を受ける権利の持分を、貢献度に関わらず50:50で合意する。,出願にかかる費用を全額、一方の当事者が負担することを合意する。,相手方の承諾なく、単独で特許出願を行う。,改良発明の権利帰属について、別途協議することを定める。,ウ,"特許法第38条。特許を受ける権利が共有である場合、共有者全員で共同して出願しなければならない [22]。"
AI模擬,6. 関係法規,,"TRIPS協定における「内国民待遇」の原則として、適切なものはどれか。",自国民よりも外国人を優遇して保護しなければならない。,外国の権利者に対し、自国民に付与する保護と同等の保護を与えなければならない。,特定の国（最恵国）に与えた利益は、すべての加盟国に等しく与えなければならない。,知的財産権の存続期間を、すべての加盟国で一律に同じ期間にしなければならない。,イ,"TRIPS協定。条約上の大原則の一つであり、外国人差別を禁止するものである [22]。"
AI模擬,4-2 技術保護,,"実用新案法において、実体審査が行われない理由として、適切なものはどれか。",保護期間が10年と短く、迅速な登録が求められるため。,実用新案技術評価書によって、事後的に有効性が確認できるため。,特許法と異なり、進歩性の要件が必要ないため。,実用新案権には、差止請求権が認められていないため。,ア,"実用新案法。ライフサイクルの短い技術を早期に保護するため、無審査主義が採用されている [7, 22]。"
AI模擬,2-2 リスク管理,,"取適法（2026年施行）において、製造委託の対象物品に新たに追加されたものはどれか。",金型以外の「治具」や「型」。,販売用の既製品（在庫品）。,中古の機械装置。,原材料としての鉱石。,ア,"取適法。金型以外の治具等も製造委託に含まれることが明確化され、規制範囲が広がった [10, 8]。"
AI模擬,4-3 コンテンツ保護,,"著作権法上の「引用」において、出所の明示（出典の記載）を行うタイミングとして、適切なものはどれか。",利用する著作物の「公表」の前日まで。,引用の態様に応じ、合理的と認められる方法及び程度により行う。,著作権者から直接許可を得た直後。,裁定制度により補償金を支払ったとき。,イ,"著作権法第48条。具体的な形式は決まっていないが、読者が元文献を特定できる程度の明示が求められる [AI模擬]。"
AI模擬,4-1 ブランド保護,,"商標法において、図形や文字だけでなく、動き、ホログラム、色彩、音、位置などが登録対象となった改正時期はいつか。",平成26年（2014年）改正。,令和元年（2019年）改正。,令和5年（2023年）改正。,昭和34年（1959年）改正。,ア,"平成26年改正。いわゆる「新しいタイプの商標」として保護が開始された [AI模擬]。"
AI模擬,4-2 技術保護,,"特許法における「出願公開」がなされる時期として、適切なものはどれか。",出願審査請求がなされた直後。,出願の日（または優先日）から18ヶ月（1年6ヶ月）を経過した時。,特許査定がなされた時。,特許料を納付した時。,イ,"特許法第64条。審査の進捗に関わらず、出願から18ヶ月経過後に公報が発行される [AI模擬]。"
AI模擬,4-3 コンテンツ保護,,"著作権の存続期間において、法人名義の著作物の終期はいつか。",著作者（代表者）の死後70年。,公表後70年（公表されない場合は創作後70年）。,公表後50年。,創作後20年。,イ,"著作権法第53条。法人著作（職務著作等）は、個人の死後ではなく公表時を起算点とする [22]。"
AI模擬,4-2 技術保護,,"特許侵害訴訟において、侵害者が「以前から独自にこの技術を使っていた」と主張し、侵害を免れることができる権利を何と呼ぶか。",先使用権,後使用権,実施許諾権,先行登録権。,ア,"特許法第79条。出願時に既に実施の準備をしていた者には、無償の通常実施権が認められる [7, 22]。"
AI模擬,6. 関係法規,,"パリ条約の「特許独立の原則」に関する説明として、適切なものはどれか。",ある国で特許が認められた場合、すべての同盟国で自動的に特許が認められる。,ある国で特許が無効になった場合でも、他国での特許の有効性は影響を受けない。,同盟国間で特許分類（IPC）を統一しなければならない。,出願人は必ず自国の特許庁を通じて、他国へ出願しなければならない。,イ,"パリ条約第4条の2。各国の特許権は独立しており、他国での審査結果に縛られない [22]。"
AI模擬,2-2 リスク管理,,"不正競争防止法第2条第1項第3号（形態模倣）による保護が認められるために、不必要な要件はどれか。",日本国内での販売開始から3年以内であること。,他人の商品の形態を模倣したこと（依拠性）。,需要者の間で混同が生じていること。,日本国内において販売されていること。,ウ,"不競法2条1項3号。いわゆるデッドコピーを規制するものであり、混同の有無は問われない [6, 7]。"
AI模擬,5-2 エンフォースメント,,"特許侵害訴訟において、侵害者が得た利益を損害額と「推定」する規定（第102条第2項）を利用する際、権利者が証明すべきことは何か。",侵害者が故意に侵害を行ったこと。,侵害者の利益の正確な額。,権利者に当該侵害品を販売できる能力があること（損害の発生の蓋然性）。,ライセンス契約の市場相場。,ウ,"特許法第102条第2項。利益額を損害とみなすには、権利者自身に販売能力や利益を得る機会があったことが前提となる [7]。"
AI模擬,4-3 コンテンツ保護,,"文化庁の2024年ガイドラインにおいて、AI生成物が著作権侵害となるための「依拠性」の判断基準として、適切なものはどれか。",AIがインターネット上の著作物を学習データとして利用していれば、それだけで依拠性が認められる。,AI利用者が特定の既存著作物を認識しており、それを生成させる目的でAIを操作したことが必要である。,生成されたものが既存の著作物と客観的に類似していれば、依拠性の証明は不要である。,AI学習において、当該既存著作物が学習用データセットに含まれていた等の事情が考慮される。,エ,"文化庁ガイドライン（令和6年）。AIの仕組みを考慮し、学習データに含まれていた事実等が依拠性判断の重要な要素となる [14, 26]。"
AI模擬,2-2 リスク管理,,"取適法（2026年施行）において、委託事業者が代金の支払を遅延した場合に課せられる「遅延利息」の年率はどれか。",年3.0%,年5.0%,年14.6%,年20.0%。,ウ,"取適法（および下請法）。受注者の保護を目的として、消費者金融等の利率に近い14.6%という高い遅延利息が設定されている [8]。"
AI模擬,4-2 技術保護,,"特許出願の非公開制度（経済安保法）において、保全指定の解除（保全指定の継続の要否の審査）は、原則としてどのくらいの頻度で行われるか。",1年ごと。,3年ごと。,5年ごと。,存続期間中一回のみ。,ア,"経済安全保障推進法第72条。内閣総理大臣は、1年ごとに保全指定を継続する必要があるか確認しなければならない [4, 5]。"
AI模擬,4-2 技術保護,,"2026年4月のオンライン発送制度改正により導入される「経過到達」について、正しいものはどれか。",書類をダウンロードした瞬間に到達したものとみなされる。,インターネット出願ソフトで受領可能となった日の翌日から10日を経過した時に到達したものとみなされる。,受領可能となった日から30日間ダウンロードされない場合にのみ、郵送に切り替わる。,代理人がオンライン受領を希望しない場合、すべての書類が書面で郵送される。,イ,"工業所有権特例法改正。10日経過で自動的に到達したとみなす制度が導入される。紙の書類への切り替え発送は原則廃止される [13, 3]。"
AI模擬,4-2 技術保護,,"2026年4月以降、弁理士や弁護士などの「業として対特許庁手続を代理する者」のオンライン受領に関する義務について、適切なものはどれか。",オンライン受領をするか郵送にするか、案件ごとに選択できる。,「特定通知等を受ける旨の届出」をすることが義務付けられ、オンライン受領が必須となる。,初回の手続のみ書面で行えば、その後の発送はすべて郵送となる。,オンライン受領を忘れた場合でも、特許庁が電話で通知する義務を負う。,イ,"改正特例法第5条の2。代理人は「届出をしない」という選択ができず、オンラインでの受領が義務化される [3, 15]。"
AI模擬,4-3 コンテンツ保護,,"2026年4月開始の「未管理著作物等の裁定制度」において、裁定の対象となる著作物の条件として適切なものはどれか。",著作者が死亡している場合に限られる。,著作権管理団体（JASRAC等）に登録されている著作物のみが対象である。,公表された著作物であって、著作権者と連絡がつかない、あるいは返答がないもの。,SNSに投稿された画像は、いかなる場合も対象外である。,ウ,"著作権法第67条の3（改正）。連絡先が不明な場合だけでなく、連絡しても返答がない「未管理」の著作物が幅広く対象となる [11, 18]。"
AI模擬,4-3 コンテンツ保護,,"新たな裁定制度（2026年施行）を利用する際の手数料について、文化庁が公表した金額（1申請あたり）はどれか。",無料,3,000円,13,800円,50,000円,ウ,"文化庁公表資料。新裁定制度の申請手数料は1万3800円とされており、これに加えて補償金の供託が必要となる [11, 12]。"
AI模擬,2-2 リスク管理,,"2026年1月施行の取適法において、製造委託等の代金の支払手段として原則禁止されるものはどれか。",銀行振込,現金払い,約束手形,クレジットカード決済,ウ,"取適法（旧下請法改正）。中小受託事業者の資金繰り負担軽減のため、約束手形による支払は原則禁止される [17, 4, 5]。"
AI模擬,2-2 リスク管理,,"取適法（2026年施行）で新設された「協議に応じない一方的な代金決定」に該当しないものはどれか。",受注者からの価格交渉の申し出に対し、理由を説明せずに拒否した。,価格協議の場を設けたが、最終的に発注側の希望価格で合意した。,原材料費の高騰が明らかであるのに、従来の価格を一方的に据え置いた。,受注者のコスト増を把握しているが、あえて協議の連絡を一度もしなかった。,イ,"取適法。協議の場を設け、誠実に説明を行った結果として合意に達した場合は、禁止行為には該当しない [17, 5]。"
AI模擬,2-2 リスク管理,,"取適法（2026年施行）における「従業員数基準」において、役務提供委託（情報処理等を除く）の際の委託事業者の基準はどれか。",従業員300人超,従業員100人超,従業員50人超,従業員1,000人超,イ,"取適法。製造委託等は300人超だが、情報成果物作成委託や一般的な役務提供委託等は「100人超」が基準となる [4, 6, 19]。"
AI模擬,6. 関係法規,,"経済安全保障推進法に基づき「保全指定」を受けた発明の外国出願禁止違反に対する罰則（2025年7月以降適用）はどれか。",10万円以下の過料,1年以下の懲役又は50万円以下の罰金,5年以下の懲役,無期懲役,イ,"経済安全保障推進法第92条。外国出願禁止義務に違反して外国へ出願した場合、刑事罰の対象となる [20, 10]。"
AI模擬,6. 関係法規,,"特許出願の非公開制度において、特許庁長官が行う第一次審査の対象外となる出願はどれか。",日本国内で行われた発明に係る出願,特定技術分野（IPCにより列挙）に属する発明が含まれる出願,施行日（2024年5月1日）より前に既に特許庁に係属していた出願,出願公開を希望しない旨の申出があった出願,ウ,"経済安全保障推進法附則第2条。本制度は2024年5月1日以後に行う特許出願に対してのみ適用される [1, 20]。"
AI模擬,4-1 ブランド保護,,"商標の「コンセント制度（第4条第4項）」に関して、登録が認められないケースとして適切なものはどれか。",先行権利者の承諾があるが、需要者の間で混同を生ずるおそれがないと認められない場合。,出願人が中小企業である場合。,先行商標と出願商標が、外観においてのみ類似している場合。,先行権利者が海外の企業である場合。,ア,"商標法第4条第4項。日本の制度は「承諾＋混同のおそれがないこと」の双方が要件となるため、混同のおそれがあれば拒絶される [8, 21]。"
AI模擬,4-1 ブランド保護,,"改正商標法第4条第1項第8号（他人の氏名）に基づき、その他人の承諾なしに登録できる可能性があるのはどれか。",その他人が当該分野において著名である場合。,同姓同名の他人が存在するが、その他人が当該分野において広く認識されていない場合。,出願人が「不正の目的」をもって他人の氏名を登録しようとする場合。,その他人の氏名が「ありふれた氏」であり、かつその他人がその分野で著名な場合。,イ,"商標法改正（2024年4月）。拒絶の対象となる他人を「著名な他人」に限定したため、知名度のない他人の承諾は不要となった [8, 21]。"
AI模擬,4-3 コンテンツ保護,,"文化庁のAIガイドライン（令和6年）において、AI生成物が著作権侵害となるための「類似性」の判断基準として適切なものはどれか。",単に「画風（スタイル）」が似ているだけであれば、類似性は認められない。,プロンプトに画家の名前を入力していれば、内容に関わらず類似性が認められる。,1ピクセルでも重なる部分があれば、常に類似性が認められる。,類似性の判断基準は、AI生成物の場合に限り、通常の著作権侵害よりも緩和される。,ア,"文化庁ガイドライン。著作権は「表現」を保護するものであり、アイデアやスタイルにすぎない「画風」の類似は侵害を構成しない [22, 23]。"
AI模擬,4-3 コンテンツ保護,,"著作権法第30条の4（非享受目的の利用）の適用除外となる「著作権者の利益を不当に害する場合」に該当する例はどれか。",学術研究のためにインターネット上の論文をAIに学習させる行為。,AI学習用として市販されているデータベース著作物を、無断で複製して学習に用いる行為。,AIに学習させるために、自らが購入した小説をスキャンしてデータ化する行為。,特定の画家の作品のみを学習させ、その特徴を分析する行為。,イ,"著作権法第30条の4ただし書。AI学習用データベースとして販売されているものを無断利用することは、権利者の既存市場を不当に阻害するため認められない [24, 22]。"
AI模擬,2-1 法務,,"種苗法における「登録品種」の育成者権の存続期間として、正しいものはどれか。",品種登録の日から20年,出願の日から25年,品種登録の日から25年（木本性植物等は30年）,設定登録の日から10年,ウ,"種苗法。育成者権は登録の日から25年（果樹などの木本は30年）存続する [25, 26, 27]。"
AI模擬,2-1 法務,,"登録品種の種苗を販売する際、輸出先や栽培地域を制限している場合に、その旨を表示する義務について適切なものはどれか。",努力義務である。,種苗の袋や添付書類等により表示することが法的義務である。,口頭で説明すれば、表示は不要である。,海外へ輸出する場合に限り、表示義務が生じる。,イ,"種苗法第21条。2021年4月より、輸出制限や地域制限がある場合の表示は義務化された。違反には過料の罰則がある [25, 28]。"
AI模擬,5-2 エンフォースメント,,"不正競争防止法第2条第1項第3号（形態模倣）において、2024年4月以降に保護の対象として明記された行為はどれか。",商品の形状を写真撮影してウェブサイトに掲載する行為。,商品の形態を模倣したデータを、電気通信回線を通じて提供（ダウンロード販売等）する行為。,意匠登録を受けた商品の形態を模倣する行為。,中古品として形態模倣品を転売する行為。,イ,"不競法改正。デジタル空間（メタバース等）での模倣品提供を規制するため、電気通信回線を通じた提供行為が明記された [8, 9]。"
AI模擬,2-2 リスク管理,,"改正不正競争防止法（2024年4月施行）における「限定提供データ」の拡充内容として、適切なものはどれか。",個人情報を含むデータは、すべて限定提供データの保護から除外された。,自社で秘密管理しているデータであっても、他社に提供・共有するものは、限定提供データとして保護されるようになった。,限定提供データの侵害に対する刑事罰が廃止された。,ドメイン名の不正取得が、限定提供データの定義に統合された。,イ,"不競法改正。企業間でのビッグデータ共有を促進するため、秘密管理されているデータも限定提供データの範囲に含まれるよう拡充された [8, 21]。"
AI模擬,4-4 デザイン保護,,"意匠法における「建築物の意匠」の登録要件として、審査基準案で示されているものはどれか。",土地に定着しておらず、容易に移動できること。,「土地定着物」であり、かつ「人工構造物」であること。,居住用の住宅に限られ、商業ビルやダムなどは対象外である。,完成してから3年以内であること。,イ,"意匠審査基準。建築物として登録されるには、土地に固定されており、かつ人の手で作られた構造物であることが必要である [29, 30]。"
AI模擬,4-4 デザイン保護,,"意匠法における「内装の意匠（第8条の2）」が登録されるために必要な要件はどれか。",内装を構成するすべての家具が、個別に意匠登録されていること。,内装全体として「統一的な美感」を起こさせるものであること。,店舗の外部から内装が完全に見える状態であること。,内装のデザイン案を、あらかじめ文化庁に届け出ていること。,イ,"意匠法第8条の2。複数の物品や画像からなる内装全体として、視覚的に統一された美感を有することが要件である [29, 30]。"
AI模擬,5-1 契約,,"特許法第35条（職務発明）における「相当の利益」として、金銭以外で認められる例として適切でないものはどれか。",自社株式の付与（ストックオプション）,留学の機会の付与,有給休暇の付与（特別休暇）,通常の賃金の支払い,エ,"特許法35条。相当の利益は「相当の金銭その他の経済上の利益」を指し、通常の賃金とは別個に付与されるインセンティブを指す [31]。"
AI模擬,4-2 技術保護,,"特許出願の非公開制度において、保全指定の要否を判断する「保全審査」を行う主体はどこか。",特許庁長官,内閣総理大臣（内閣府）,経済産業大臣,防衛大臣,イ,"経済安全保障推進法。特許庁が第一次審査を行い、保全が必要と思われる案件を内閣府へ送付し、内閣府が最終判断を行う [1, 20]。"
AI模擬,3-1 調査,,"J-PlatPatで意匠の「画像」に関する意匠を検索する際、改正後の画像意匠（物品を離れた画像）を効率よく抽出するために用いるべきものはどれか。",商標分類（ニース分類）,日本意匠分類（D分類）における画像関連の特定の記号,特許分類（IPC）,国際商品分類,イ,"J-PlatPat実務。画像意匠はD分類において特定の記号が割り当てられており、それを用いて検索するのが実務的である [30]。"
AI模擬,4-1 ブランド保護,,"商標権の存続期間の更新申請において、2024年現在、認められている期間はいつか。",存続期間満了の3ヶ月前から満了日まで。,存続期間満了の6ヶ月前から満了日まで。,商標登録の日から5年以内。,設定登録の日から10年を経過した直後の1ヶ月間。,イ,"商標法第20条第2項。更新申請は、存続期間が満了する前の6ヶ月間に行う必要がある [31]。"
AI模擬,4-2 技術保護,,"特許出願において、最初の拒絶理由通知に対する応答期限（国内居住者）は、原則として発送日から何日以内か。",30日以内,60日以内,90日以内,180日以内,イ,"特許法。国内居住者の場合、拒絶理由通知に対する意見書・補正書の提出期限は原則として60日である [31]。"
AI模擬,4-3 コンテンツ保護,,"著作権法上の「職務著作」が成立した場合に、著作者となる主体はどれか。",実際に執筆・作成した従業員,法人の代表取締役,法人その他の使用者,国,ウ,"著作権法第15条。要件を満たせば、自然人ではなく法人が原始的に著作者となる [31]。"
AI模擬,6. 関係法規,,"TRIPS協定において、コンピュータ・プログラムが保護される形式として適切なものはどれか。",意匠としての保護,特許としての保護のみ,文学的著作物としての保護,営業秘密としての保護のみ,ウ,"TRIPS協定第10条。コンピュータ・プログラムは、ベルヌ条約上の「文学的著作物」として保護することが義務付けられている [16, AI模擬]。"
AI模擬,4-2 技術保護,,"実用新案技術評価書（実用新案法第12条）の請求ができる者として、適切なものはどれか。",実用新案権者に限られる。,登録異議の申立人に限られる。,何人も（誰でも）請求することができる。,特許庁長官が認めた利害関係人に限られる。,ウ,"実用新案法第12条第1項。評価書は、実用新案権者だけでなく、第三者も何時でも請求可能である [31]。"
AI模擬,5-2 エンフォースメント,,"関税法に基づく輸入差止認定手続において、税関長が権利侵害の有無について専門的な意見を聴くことができる相手は誰か。",文化庁長官,警察庁長官,特許庁長官,総務大臣,ウ,"関税法第69条の17。税関長は、技術的な判断を要する場合、特許庁長官に意見を求めることができる [31]。"
AI模擬,4-1 ブランド保護,,"「地域団体商標（第7条の2）」の登録を受けるための要件として、正しいものはどれか。",日本全国で著名であること。,その団体の構成員に使用させるものであること。,出願時に既に他人の登録商標が存在しないことのみ。,その団体が営利を目的とする株式会社であること。,イ,"商標法第7条の2。地域団体商標は、地域の名称と商品名からなり、構成員に使用させる目的であることが必要である [31]。"
AI模擬,4-4 デザイン保護,,"「秘密意匠（第14条）」として、意匠の内容を秘密にできる期間の上限はどれか。",登録の日から1年間,登録の日から3年間,出願の日から5年間,設定登録の日から25年間,イ,"意匠法第14条。意匠権の設定登録の日から3年以内の期間を指定して、内容を秘密にできる [31]。"
AI模擬,4-3 コンテンツ保護,,"著作権法第32条（引用）において、認められる可能性がある利用形態はどれか。",自分の解説を補足するために、他人の画像をトリミングしてSNSに掲載する。,報道の目的で、事件に関連する他人のツイート（投稿内容）をそのまま画面に表示する。,書籍の内容をすべてコピーし、出典のみを明記して無料で配布する。,他人の映画のワンシーンを、背景デザインとして無断で使用する。,イ,"著作権法。報道、批評、研究等の正当な目的があり、公正な慣行に合致すれば引用として認められ得る [31]。"
AI模擬,2-2 リスク管理,,"不正競争防止法における「周知表示混同惹起行為（2条1項1号）」に該当するために、表示がどの程度知られている必要があるか。",日本全国で誰もが知っている（著名）。,特定の地域において、需要者の間に広く認識されている（周知）。,特許庁に商標登録されている。,インターネットで検索すれば1件以上ヒットする。,イ,"不競法。1号は「周知」であれば足りる（2号は「著名」が必要）。登録の有無は問われない [31]。"
AI模擬,4-2 技術保護,,"特許法における「出願の分割（第44条）」ができる時期として、不適切なものはどれか。",願書に添付した明細書等を補正できる期間内。,特許査定の謄本送達から30日以内（設定登録前）。,拒絶査定不服審判を請求できる期間内。,特許権の設定登録がなされた日から1年以内。,エ,"特許法第44条。分割ができるのは、事件が特許庁に係属している期間に限られる。登録後は不可である [31]。"
AI模擬,4-3 コンテンツ保護,,"2026年4月施行の改正著作権法に基づき、裁定制度で利用できるようになった「連絡先はわかるが返答がない」著作物の通称はどれか。",孤児著作物（Orphan Works）,未管理著作物,パブリック・ドメイン,共有著作物,イ,"著作権法改正。新制度では、連絡先が判明していても拒絶も承諾もされない「未管理」著作物が対象に含まれた [11, 18]。"
AI模擬,5-1 契約,,"共同開発契約において、一方の当事者が「改良発明」を完成させた場合の権利帰属について、独占禁止法上、問題となる可能性が高い条項はどれか。",改良発明の権利を、両当事者の共有とすること。,改良発明の権利を、開発者側ではない他方の当事者に無償で独占的に譲渡させること（アサインバック）。,改良発明についても、本契約と同じライセンス条件を適用すること。,改良発明の出願費用を、両社で折半すること。,イ,"独占禁止法ガイドライン。一方的な権利の吸い上げ（独占的アサインバック）は、開発意欲を阻害し競争を制限するため、不公正な取引方法となるおそれがある [31]。"
AI模擬,6. 関係法規,,"パリ条約の「優先権」を利用して、日本から外国へ特許出願を行う際、優先権証明書の提出が免除される仕組みを何と呼ぶか。",WIPOデジタルアクセスサービス（DAS）,PCT国際出願システム,マドプロ・セントラル・アクセス,TRIPS電子交換システム,ア,"実務。DASを利用すれば、特許庁間で証明書データを交換できるため、紙の証明書の提出が不要となる [16, AI模擬]。"
AI模擬,4-2 技術保護,,"特許法上の「進歩性（第29条第2項）」の判断において、先行技術から「容易に発明をすることができた」かどうかの基準となる人物は誰か。",発明者本人,特許庁の審査官,その発明の属する技術の分野における通常の知識を有する者（当業者）,平均的な知能を有する一般市民,ウ,"特許法第29条第2項。進歩性は「当業者」を基準に判断される [31]。"
AI模擬,2-2 リスク管理,,"不正競争防止法上の「営業秘密」として保護を受けるために、物理的な鍵をかけたりパスワードを設定したりして管理することを何と呼ぶか。",有用性,非公知性,秘密管理性,事業性,ウ,"不競法。客観的に秘密として管理されている状態を「秘密管理性」と呼ぶ [31]。"
AI模擬,4-1 ブランド保護,,"商標法において、図形や文字だけでなく、動き、ホログラム、色彩、音、位置などが登録対象となった改正時期はいつか。",平成26年（2014年）改正。,令和元年（2019年）改正。,令和5年（2023年）改正。,昭和34年（1959年）改正。,ア,"平成26年改正。いわゆる「新しいタイプの商標」として保護が開始された [AI模擬]。"
AI模擬,4-3 コンテンツ保護,,"著作権の存続期間について、日本において「戦時加算」が適用される可能性がある国はどこか。",中国,韓国,アメリカ合衆国（第二次世界大戦の連合国側）,ドイツ（第二次世界大戦の同盟国側）,ウ,"連合国及び連合国民の著作権の特例に関する法律。WW2の連合国側の権利者に対して、戦争期間分を保護期間に加算する特例がある [16, AI模擬]。"
AI模擬,4-2 技術保護,,"特許出願が拒絶査定となった場合、これに不服があるときはいつまでに審判を請求しなければならないか。",拒絶査定の謄本の送達があった日から30日以内。,拒絶査定の謄本の送達があった日から3ヶ月以内。,拒絶理由通知を受けた日から60日以内。,特許公報が発行されるまで。,イ,"特許法第121条。拒絶査定不服審判の請求期限は、謄本送達から3ヶ月である [31]。"
AI模擬,5-2 エンフォースメント,,"特許侵害の損害賠償訴訟において、侵害者が「特許の内容を過失なく知らなかった」と主張した場合、特許法ではどのように扱われるか。",過失がないことが証明されれば、賠償額が半分になる。,特許侵害行為については、過失があったものと「推定」されるため、反証がない限り過失があるとみなされる。,特許の内容を知らなければ、一切の賠償責任を負わない。,登録後に販売された製品であれば、常に「故意」があったとみなされる。,イ,"特許法第103条。過失の推定規定により、侵害者は自ら無過失を立証しなければならないが、実務上極めて困難である [31]。"
AI模擬,4-4 デザイン保護,,"「関連意匠（第10条）」として登録された意匠の存続期間の終期はいつか。",関連意匠の登録の日から25年,関連意匠の出願の日から25年,基礎意匠（本意匠）の出願の日から25年,基礎意匠（本意匠）の登録の日から20年,ウ,"意匠法第21条。関連意匠は、一連のデザイン群をまとめて保護するため、基礎意匠の出願日から25年で一斉に終了する [3, 29]。"
AI模擬,4-3 コンテンツ保護,,"著作隣接権（レコード製作者の権利）の内容に含まれないものはどれか。",複製権,送信可能化権,譲渡権,同一性保持権（人格権）,エ,"著作権法。レコード製作者や放送事業者には「人格権」は認められておらず、財産権のみが認められている [31]。"
AI模擬,6. 関係法規,,"知的財産権の国際的な保護に関する「ベルヌ条約」の原則として、正しいものはどれか。",登録をしなければ保護されない（方式主義）。,著作物の完成と同時に何らの手続もなく保護される（無方式主義）。,自国民よりも外国人を優遇して保護する。,工業所有権の保護を目的とする。,イ,"ベルヌ条約。著作権の発生に登録やマーク（©等）の表示を要しない「無方式主義」を採用している [16, AI模擬]。"
AI模擬,4-2 技術保護,,"特許法における「発明」の定義として、第2条第1項に規定されている内容はどれか。",自然法則を利用した技術的思想の創作のうち高度のもの。,産業上利用できるすべてのアイデア。,科学的に解明されたすべての新発見。,既に世の中に知られている技術の改良品。,ア,"特許法第2条第1項。定義として「自然法則を利用した技術的思想の創作のうち高度のもの」と明記されている [31]。"
AI模擬,5-1 契約,,"ライセンス契約において、ライセンシー（実施権者）が当該特許の有効性を争うことを禁じる条項（不争条項）の取り扱いとして、適切なものはどれか。",いかなる場合も無条件で有効である。,独占禁止法上、不公正な取引方法に該当する可能性がある。,特許庁の届出があれば有効である。,10年以上の長期契約であれば、常に有効である。,イ,"独占禁止法ガイドライン。不争条項は、無効であるべき権利を維持させ競争を制限するおそれがあるため、規制の対象となり得る [31]。"
AI模擬,4-1 ブランド保護,,"商標登録を受けることができないものとして、第3条第1項に規定されている例として正しいものはどれか。",商品の産地、販売地、品質、原材料等を表示する標章のみからなり、識別力のない商標。,非常にカラフルで目立つ図形商標。,歴史上の人物の氏名を含む商標。,出願人以外の者が考え出したネーミング。,ア,"商標法第3条第1項第3号。商品の品質等を直接表示するものは、識別力がなく、また誰もが使用できるようにすべきものであるため登録できない [31]。"
AI模擬,2-2 リスク管理,,"取適法（2026年施行）に基づき、委託事業者が、受注者に責任がないのに発注した物品の受取りを拒否することを何と呼ぶか。",受領拒否,返品,買いたたき,不当な経済上の利益の提供要請,ア,"取適法（旧下請法）。注文どおりの品が納品されたのに、倉庫が一杯である等の理由で受け取らないことは「受領拒否」として禁止されている [5, 7]。"
AI模擬,4-2 技術保護,,"2026年4月以降、特許証（登録証）を書面（紙）で受け取るために必要な手続として、適切なものはどれか。",特許庁から届くメールに返信する。,再交付請求の手続を行い、所定の手数料を納付する。,オンライン発送された電子データを、USBメモリで特許庁へ持参する。,弁理士を通じて、特許庁長官に特別許可を申請する。,イ,"改正特例法。オンライン発送が原則となるため、紙の証書が必要な場合は別途「再交付」の手続が必要となる [13, 3]。"
AI模擬,4-2 技術保護,,"特許法第30条（新規性喪失の例外）の適用において、外国の特許公報に掲載されて公知となった発明の扱いはどれか。",いかなる場合も例外規定の適用を受けることができない。,発明者の行為に起因して公知となったものであれば、例外規定の適用を受けられる可能性がある。,日本国内の公報に限られ、外国の公報による公知は対象外である。,例外規定の適用を受ければ、外国の公報の公開日が出願日として扱われる。,イ,"特許法第30条。発明者の意に反する場合や行為に起因する場合であれば、外国公報による公知も例外適用の対象となり得る [18, 5]。"
AI模擬,4-2 技術保護,,"特許庁の「早期審査」制度において、中小企業がこの制度を利用するための要件として、適切なものはどれか。",出願から5年以上経過していること。,出願人が中小企業（または個人・大学等）であり、かつ実施（または実施予定）していること。,発明の内容がAI技術に関連していることのみ。,特許料を通常の3倍納付すること。,イ,"特許庁実務。中小企業による出願で、実際に実施中または実施予定があれば、早期審査の対象となる [5]。"
AI模擬,4-2 技術保護,,"実用新案技術評価書の内容を確認せずに行った権利侵害の警告により、相手方に損害を与えた場合の責任として、適切なものはどれか。",無審査登録であるため、権利者に過失がなかったと推定される。,特許法と異なり、実用新案法では賠償責任を負うことはない。,権利者は、警告を行うにあたり相当の注意を怠ったものとして、損害賠償責任を負うリスクが高い。,評価書に「有効」と記載されていれば、いかなる場合も免責される。,ウ,"実用新案法第29条の3。安定性の低い権利を行使する以上、評価書の提示と慎重な判断が義務付けられており、不適切な警告は過失が認められやすい [18]。"
AI模擬,4-4 デザイン保護,,"意匠法の保護対象となる「建築物の意匠」として、審査基準で認められている例はどれか。",容易に移動可能な工事現場の仮設トイレ。,住宅、商業ビルのほか、ダムや橋梁などの土木構造物。,自然の地形をそのまま利用した展望スペース。,家具や家電製品などの動産のみからなるセット。,イ,"意匠審査基準。土地に定着し、人工的に構築された構造物であれば、土木構造物も「建築物」として登録可能である [16]。"
AI模擬,4-4 デザイン保護,,"意匠登録出願において、意匠登録証に創作者の「旧氏（旧姓）」を併記するための手続として、適切なものはどれか。",いかなる場合も旧氏を併記することは認められない。,証明する書面において、戸籍上の氏名と併せて旧氏を記載し、併記を申し出る。,出願公開の後にのみ、修正申出を行うことができる。,裁判所の許可証を提出しなければならない。,イ,"意匠法実務改正（令和5年）。創作者のアイデンティティ尊重のため、証明書類への記載等により旧氏の併記が可能となった [20]。"
AI模擬,6. 関係法規,,"パリ条約に基づき、商標登録出願の優先権を主張して外国へ出願できる期間（優先期間）はどれか。",最初の出願の日から6ヶ月以内。,最初の出願の日から12ヶ月以内。,商標が日本で登録された日から6ヶ月以内。,出願公開の日から3ヶ月以内。,ア,"パリ条約第4条。特許は12ヶ月だが、意匠および商標は6ヶ月と定められている [18]。"
AI模擬,4-1 ブランド保護,,"「標準文字」による商標登録と、特定のフォントを用いた「デザイン商標」の効力の違いとして、適切なものはどれか。",標準文字は、特定の書体デザインに限定されず、文字の名称（構成）そのものに広く効力が及ぶ。,デザイン商標の方が、文字の内容にかかわらず常に強力な権利となる。,標準文字で登録された場合、商標登録表示（®マーク）を付すことができない。,標準文字は、図形と組み合わされた商標に対しては、いかなる場合も効力を主張できない。,ア,"商標法第5条第3項。標準文字制度は文字そのものの識別力を保護する目的であり、書体に依存しない広範な保護が得られる [18]。"
AI模擬,4-1 ブランド保護,,"「地域団体商標（第7条の2）」の効力に関して、適切な記述はどれか。",登録を受けた団体の構成員であれば、団体との個別の契約なしに自由に使用できる。,団体の構成員に使用させるものでなければならず、団体自身が独占的に使用することはできない。,日本全国で著名になっていなければ、権利を行使できない。,法人の形態を問わず、株式会社であっても地域団体商標の登録を受けられる。,イ,"商標法第7条の2。地域ブランドを共同で維持・管理する目的から、構成員に使用させることが要件となっている [18]。"
AI模擬,4-3 コンテンツ保護,,"著作権法第47条の2に基づく、プログラムの著作物の「複製物の所有者による複製」が認められる例として、適切なものはどれか。",バックアップとして保存するために複製する行為（滅失等に備える目的）。,知人に配布するために複製する行為。,プログラムを改変して、新しいソフトとして販売するために複製する行為。,他人のパソコンで一時的に動作させるために複製する行為。,ア,"著作権法第47条の2。自ら使用する範囲でのバックアップ（保存）目的であれば、権利者の許諾なく複製が可能である [5]。"
AI模擬,4-3 コンテンツ保護,,"著作隣接権のうち、放送事業者に認められている権利の存続期間はいつまでか。",放送を行った日の属する年の翌年から70年。,著作者の死後70年。,放送が行われた日から50年。,公表後20年。,ア,"著作権法第101条第1項。実演、レコード、放送などの著作隣接権の保護期間は、現在は一律に「翌年から70年」である [18]。"
AI模擬,2-2 リスク管理,,"2026年1月施行の取適法において、情報成果物作成委託（ソフトウェア開発等）の際の委託事業者の従業員基準はどれか。",従業員300人超,従業員100人超,従業員50人超,従業員1,000人超,イ,"取適法（2026年施行）。製造委託等は300人だが、情報成果物作成委託や役務提供委託等は「100人」が親事業者（委託事業者）の基準となる [21, 6]。"
AI模擬,2-2 リスク管理,,"取適法（2026年施行）における「受領」の定義に関して、正しいものはどれか。",委託事業者が、納入された物品等の検査を完了した時点。,中小受託事業者が納入したものを、委託事業者が「事実上の支配下」に置いた時点。,代金を全額支払った時点。,受注者が「受領書」を発送した時点。,イ,"取適法運用基準。受領とは、検査の有無にかかわらず委託事業者が支配下においたことを指し、ここから支払期日のカウントが始まる [23]。"
AI模擬,2-2 リスク管理,,"取適法（2026年施行）において、委託事業者が受注者からの値上げ要請を断る場合の手続として、適切なものはどれか。",口頭で「不可」と伝えれば足りる。,書面またはメール等により、理由を通知しなければならない。,理由を説明することなく、取引を停止しなければならない。,裁判所の仲裁を受けなければならない。,イ,"取適法（新基準）。誠実な協議を担保するため、要請を断る際には理由の明示（証拠化）が求められるようになった。"
AI模擬,2-2 リスク管理,,"取適法（2026年施行）で新たに対象取引として追加された「特定運送委託」の例として、適切なものはどれか。",販売した商品の配送を、外部の運送業者に委託する行為。,社内の部署間で書類を運搬する行為。,海外への輸出入に関する通関業務のみを委託する行為。,自社で使用する原材料を、自社のトラックで運ぶ行為。,ア,"取適法。製造・販売等の目的物の引渡しに伴う運送の委託が「特定運送委託」として規制対象に追加された [21, 6]。"
AI模擬,2-1 法務,,"改正種苗法に基づき、登録品種であるか否かの「判定」を農林水産大臣に求めることができる者は誰か。",育成者権者および利害関係人。,一般消費者。,すべての農業従事者。,特許庁長官。,ア,"種苗法（改正）。特性表により品種を区別できるかの判定を、利害関係者の請求により農林水産大臣が行う制度が新設された [24]。"
AI模擬,2-1 法務,,"改正種苗法（令和3年施行）において、登録品種を育成者権者の許可なく海外に持ち出した（輸出制限違反）場合の懲役刑の上限はどれか。",1年,3年,5年,10年,イ,"種苗法改正（2021年）。品種の海外流出防止のため罰則が強化され、個人には3年以下の懲役が科され得る [17, 25]。"
AI模擬,2-2 リスク管理,,"改正不正競争防止法（2024年4月施行）において、メタバース等のデジタル空間での行為として規制されたものはどれか。",他人の著名な商標を、自分のアバターの名前として使用する行為。,他人の商品の形態を模倣したデータを、電気通信回線を通じて提供する行為。,デジタル空間内で他人の商品を批評する行為。,アバター同士がデジタルアイテムを交換する行為。,イ,"不競法改正。デジタル空間での形態模倣品の流通（データ提供）が、デッドコピー規制の対象として明記された [9, 26]。"
AI模擬,2-2 リスク管理,,"不正競争防止法上の「限定提供データ」として保護されるために、共有されるビッグデータが満たすべき条件はどれか。",いかなる管理もされていない公知の情報であること。,「秘密として管理（ID・パスワード等）」されている場合も含め、特定の者に提供されるものであること。,特許として登録されていること。,行政機関に届け出ていること。,イ,"不競法改正（2024年4月）。秘密管理されている共有データも限定提供データの範囲に含まれるよう拡充された [9]。"
AI模擬,6. 関係法規,,"経済安全保障推進法に基づき、特許庁長官が特定技術分野に属する発明を内閣総理大臣へ送付する期限はいつか。",特許出願の日から3ヶ月以内。,特許査定がなされた直後。,出願公開から1年以内。,特許料が納付された後。,ア,"経済安全保障推進法第66条。保全審査に回すための第一次審査は、出願日から3ヶ月以内という迅速な処理が求められる [27]。"
AI模擬,6. 関係法規,,"経済安全保障推進法において、日本国内で行われた特定技術分野の発明を外国へ出願（第一国出願）することが制限される期間は、原則としていつまでか。",日本での出願の日から10ヶ月を経過するまで。,日本での出願から3ヶ月以内。,特許が登録されるまで半永久的に。,出願人が外国籍を離脱するまで。,ア,"経済安全保障推進法第78条。保全指定の有無が確定する前の外国流出を防ぐため、原則10ヶ月の制限が設けられている [27]。"
AI模擬,4-2 技術保護,,"2026年4月のオンライン発送制度移行後、特許証（登録証）を「紙」の書面で再発行してもらう際の手続として、適切なものはどれか。",特許庁へメールを送れば無料で郵送される。,「再交付請求」の手続を行い、所定の手数料を納付する。,オンライン上のPDFデータを自分で印刷すれば、それが公式な書面証書となる。,いかなる理由があっても、紙の証書は二度と発行されない。,イ,"特例法改正実務。デジタル発送が原則となるため、紙の証書の取得は、紛失時と同様の「再交付」手続として扱われる [13, 1]。"
AI模擬,4-2 技術保護,,"オンライン発送における「10日ルール（経過到達）」の期間計算について、正しい記述はどれか。",発送された当日から数えて10日目。,受領可能となった日の「翌日」から起算して10日（暦日）を経過した時。,10日間の中に休日が含まれる場合は、その分だけ期間が短縮される。,ダウンロードした瞬間に10日間のカウントがリセットされる。,イ,"特例法改正案。翌日から起算して暦日で10日経過により到達とみなされる。開庁日ではなく暦日である点に注意が必要である [13]。"
AI模擬,4-3 コンテンツ保護,,"文化庁のAIガイドライン（令和6年）における「画風（スタイル）」の模倣に関する記述として、適切なものはどれか。",特定の画家の画風を真似て描く行為は、それだけで著作権侵害となる。,著作権は「具体的な表現」を保護するものであり、スタイルやアイデアにすぎない「画風」の類似は侵害にならない。,AIに「〇〇風」と指示することは法律で禁止された。,画風を模倣したAI生成物は、著作権法ではなく意匠法で保護される。,イ,"文化庁「AIと著作権に関する考え方」。アイデア表現二分論に基づき、画風（スタイル）の模倣は原則として侵害を構成しない [28, 29]。"
AI模擬,4-3 コンテンツ保護,,"AIを利用して創作された生成物の著作者となるための要件として、ガイドラインで示されているものはどれか。",AIにプロンプトを入力すれば、内容に関わらず利用者が著作者となる。,AIを「道具」として使用したと言える程度の、人間の「創作的寄与（詳細な指示や修正）」が認められること。,AIの開発者が著作者となる。,いかなる場合も、AI生成物に著作権は発生しない。,イ,"文化庁ガイドライン。AIを単なる道具として使い、人間が創作に関与したと認められる部分についてのみ、人間に著作権が発生する [28, 29]。"
AI模擬,4-3 コンテンツ保護,,"AI生成物が既存の著作物の侵害（翻案等）となるかの判断において、「依拠性」を肯定する有力な要素はどれか。",AIの学習用データセットに、当該既存著作物が含まれていたという事実。,AIがインターネットに接続されていることのみ。,AI利用者がその著作権者の名前を知っていたこと。,生成物が、単に「似た雰囲気」を持っていること。,ア,"文化庁ガイドライン（令和6年）。AIの仕組み上、学習データに含まれていたことが、既存著作物を「真似た（依拠した）」と判断する重要な証拠となる [30]。"
AI模擬,4-3 コンテンツ保護,,"2026年4月に施行される新たな裁定制度において、申請から裁定までの標準的な処理期間として想定されているのはどれか。",3ヶ月程度,最短8営業日程度,1年程度,10日以内。,イ,"著作権法改正（裁定制度）。民間窓口（登録確認機関）の活用により、これまでの数ヶ月から大幅なスピードアップが図られる [31]。"
AI模擬,4-3 コンテンツ保護,,"新たな裁定制度（2026年施行）で利用できる著作物から「除外」されるものはどれか。",作者の氏名が不明なSNS画像。,著作権管理団体（JASRAC等）が管理しており、容易に許諾が得られる著作物。,過去の絶版になった小説。,連絡先はわかるが、手紙を送っても返信がない未管理著作物。,イ,"改正裁定制度。管理団体が窓口となっているものは「未管理」ではないため、本制度の対象外となる [31]。"
AI模擬,5-2 エンフォースメント,,"税関における模倣品対策（水際取締り）において、海外から郵送されてくる「個人使用」目的の模倣品への対応はどれか。",個人使用であれば、すべて輸入が認められる。,改正商標法・意匠法に基づき、個人輸入であっても税関による差止めの対象となった。,罰金1億円が科されるが、物品は没収されない。,海外の差出人の承諾がなければ、差し止めることはできない。,イ,"関税法改正等。海外事業者から送付される模倣品は、個人使用であっても商標権・意匠権侵害とみなされ、輸入差止の対象となった [11]。"
AI模擬,3-1 調査,,"PCT国際出願において、国際調査機関が作成した「国際調査報告（ISR）」と同時に出願人に送付される書類はどれか。",特許証,国際調査見解書（Written Opinion）,拒絶査定通知書,出願公開公報。,イ,"PCT第18条。ISRとともに、発明の特許性（新規性・進歩性等）に関する一次的な判断を示す「国際調査見解書」が送付される [5]。"
AI模擬,4-2 技術保護,,"特許法における「発明の単一性（第37条）」とは、どのような要件か。",1つの願書で出願できるのは、厳密に1つの請求項に限られるという原則。,二以上の発明が、同一の又は対応する「特別な技術的特徴」を有していること。,発明者が一人だけでなければならないという要件。,過去10年間に類似の発明が存在しないこと。,イ,"特許法第37条。一群の発明を効率的に審査するため、技術的な共通性（特別な技術的特徴）があれば一の願書で出願できる [5]。"
AI模擬,4-1 ブランド保護,,"商標の不使用取消審判（第50条）を請求できる「請求人」の範囲として、適切なものはどれか。",当該商標と競合する商品を取り扱う利害関係人に限られる。,何人も（誰でも）請求することができる。,特許庁長官が認めた公的団体に限られる。,過去に当該商標を使用した実績のある者に限られる。,イ,"商標法第50条。登録を整理し商標の適正な使用を促す公益目的から、請求人は利害関係人に限定されず「何人も」可能である [18]。"
AI模擬,4-1 ブランド保護,,"商標登録出願を「分割」することができる時期として、不適切なものはどれか。",願書に添付した指定商品等を補正できる期間内。,商標登録査定の謄本の送達前。,拒絶査定不服審判を請求できる期間内。,商標権が設定登録された後。,エ,"商標法第10条。出願の分割は、審査中（係属中）の期間に限られ、登録後は不可である [18]。"
AI模擬,4-3 コンテンツ保護,,"著作者人格権（氏名表示権、公表権、同一性保持権）の相続に関する記述として、正しいものはどれか。",財産権と同様に、相続人に引き継がれる。,著作者の一身に専属する権利であり、相続することはできない。,法人が職務著作により著作者となる場合は、相続の対象となる。,死後50年が経過すれば、相続人が自由に権利行使できる。,イ,"著作権法第59条。著作者人格権は一身専属性を有し、著作者本人以外が持つことはできない [18]。"
AI模擬,4-3 コンテンツ保護,,"著作権法上の「職務著作」において、通常の著作物（小説等）と異なり、法人名義での「公表」を要件としない著作物はどれか。",地図の著作物。,プログラムの著作物。,写真の著作物。,映画の著作物。,イ,"著作権法第15条第2項。プログラムは公表されない実態があるため、法人名義の公表は成立要件から除外されている [18]。"
AI模擬,4-2 技術保護,,"意匠法の新規性喪失の例外（第4条）において、2024年4月に施行された手続の簡素化の内容はどれか。",自ら公開した意匠について、証明書の提出が一切不要となった。,複数の公開行為がある場合、最先の公開についてのみ証明書を提出すれば、その後の同一・類似の意匠の公開についての証明書の提出が免除される。,公開から1年以内であれば、出願時に申請するだけで足りるようになった。,SNSでの拡散については、本規定を適用できなくなった。,イ,"意匠法改正（令和5年）。最先の一件の証明で足りる「一括証明」が可能になった [32]。"
AI模擬,4-4 デザイン保護,,"意匠法上の「関連意匠」を、本意匠（基礎意匠）の出願の日からいつまで出願できるようになったか。",本意匠の登録の日まで。,本意匠の出願日から10年を経過する日前まで。,本意匠の公報発行日まで。,本意匠の存続期間が終了するまで。,イ,"意匠法第10条（改正）。関連意匠の出願期間は、基礎意匠の出願日から10年に延長された [32]。"
AI模擬,4-4 デザイン保護,,"「秘密意匠（第14条）」において、意匠の内容を公報等で秘密にできる期間の上限はどれか。",登録の日から1年間。,登録の日から3年間。,出願の日から5年間。,設定登録の日から25年間。,イ,"意匠法第14条。意匠権の設定登録の日から3年以内の期間を指定して、意匠の内容を秘密にできる [18]。"
AI模擬,5-2 エンフォースメント,,"特許法第102条第1項第2号（令和元年改正）により、権利者の能力を超える侵害品数量があった場合、賠償額をどのように計算できるか。",能力を超える部分は損害とみなされず、賠償を請求できない。,能力を超える部分については、ライセンス料相当額を損害として加算して請求できる。,侵害者の販売数量すべてに、侵害者の利益率を乗じた額を請求できる。,一律に1億円の賠償額が適用される。,イ,"特許法第102条1項2号。能力超過分をライセンス料相当として合算可能になった [18]。"
AI模擬,5-1 契約,,"特許ライセンス契約において、当事者が「特許プール」などの仕組みを構築し、複数の特許を相互に利用し合う契約形態を何と呼ぶか。",専用実施権契約,クロスライセンス契約,サブライセンス契約,オプション契約。,イ,"知財実務。互いの特許を許諾し合う手法を「クロスライセンス」と呼ぶ [5]。"
AI模擬,3-1 調査,,"J-PlatPatの特許調査において、技術的な観点（目的、用途、構造等）から多角的に分類され、日本独自に展開されている分類記号を何と呼ぶか。",IPC（国際特許分類）,FI（ファイルインデックス）,Fターム（ファイルフォーミングターム）,ニース分類。,ウ,"J-PlatPat実務。Fタームは、一つの文献に多角的な観点から記号を付与する日本独自の検索用分類である [5]。"
AI模擬,6. 関係法規,,"経済安全保障推進法に基づき、特許庁による第一次審査の結果、「特定技術分野」に属すると判断された発明の送付先はどこか。",内閣総理大臣（内閣府）。,防衛大臣。,経済産業大臣。,裁判所。,ア,"経済安全保障推進法第66条。特許庁が第一次審査を行い、特定技術分野に該当するものを内閣府へ送付して保全審査に回す [27]。"
AI模擬,2-2 リスク管理,,"取適法（2026年施行）に基づき、委託事業者が支払遅延が生じた場合に支払うべき「遅延利息」の法定年率はどれか。",年3.0%,年5.0%,年14.6%,年20.0%。,ウ,"取適法（および下請法）。中小受託事業者の保護のため、年14.6%という高い遅延利息が設定されている [2]。"
AI模擬,2-1 法務,,"改正種苗法に基づき、種苗を販売する際に表示しなければならない事項に含まれないものはどれか。",登録品種である旨（PVPマーク等）。,輸出の制限がある場合は、その旨と制限の内容。,栽培地域の制限がある場合は、その制限の内容。,種苗の品種を考案した者の住所と氏名。,エ,"種苗法第21条。表示義務は登録品種であることや地域・輸出制限に限定されている [33]。"
AI模擬,4-3 コンテンツ保護,,"著作権法上の「引用（第32条）」が成立するために必要な要素として、適切なものはどれか。",引用部分と自らの文章等の「主従関係」が明確であること。,引用元の著作者に事前にメールで許可を得ていること。,引用する著作物が、まだ公表されていない未公表のものであること。,出典を明記せず、自らの創作物として発表すること。,ア,"著作権法第32条。引用は主（自らの文章）と従（引用部分）が明確であり、正当な範囲内で行われる必要がある [5]。"
AI模擬,4-2 技術保護,,"実用新案登録出願をした後、その出願を「特許出願」へ変更することが認められる期間（時期）はいつまでか。",実用新案権の登録がなされるまで。,実用新案登録出願の日から3年以内の一定期間内。,出願公開がなされるまで。,実用新案権の存続期間（10年）が終了するまで。,イ,"特許法第46条の2。出願から3年以内の制限下で、特許への出願変更が可能である [18]。"
AI模擬,4-1 ブランド保護,,"商標のコンセント制度（第4条第4項）により併存登録された後、実際に混同が生じた場合に相手方に請求できることは何か。",商標権の全額譲渡。,混同を防止するために必要な表示（混同防止表示）を付加すること。,特許庁による職権無効審査。,相手方の代表取締役の交代。,イ,"商標法第24条の4。併存登録後も利益侵害のおそれがあれば、互いに混同防止表示の付与を請求できる [4]。"
AI模擬,2-2 リスク管理,,"改正不正競争防止法（2024年4月施行）において、「限定提供データ」の侵害に対する救済措置として、拡充された内容はどれか。",秘密管理されている共有ビッグデータであっても、侵害に対する差止請求が可能となった。,侵害行為そのものに死刑が科されるようになった。,すべての限定提供データの保護期間が100年に延長された。,海外での侵害行為には一切適用されないこととなった。,ア,"不競法改正。秘密管理されている共有データも不競法による救済の対象となった [9]。"
AI模擬,4-4 デザイン保護,,"内装の意匠（第8条の2）として登録を受ける際、内装を構成する個々の物品（椅子、テーブル等）についての要件はどれか。",構成するすべての物品が、個別に意匠登録を受けていなければならない。,構成する物品自体が個別に意匠登録されている必要はなく、内装全体として「統一的な美感」があればよい。,構成する物品は、すべて同一のメーカーのものでなければならない。,物品は、土地に固定された建築物であってはならない。,イ,"意匠法第8条の2。内装全体を評価するため、個々の物品の登録状況は問われない [16]。"
AI模擬,4-2 技術保護,,"2026年4月以降、弁理士や弁護士などの代理人が、特許庁からのオンライン発送を拒絶して郵送で受け取ることの可否はどうか。",代理人の自由な選択により可能である。,改正特例法の規定によりオンライン受領が必須となり、拒絶はできない。,初回の手続のみ書面で行えば、郵送への切り替えが可能である。,オンライン受領を忘れた場合に限り、特許庁が特別に郵送する義務を負う。,イ,"特例法改正案。業として対特許庁手続を代理する者については、オンライン受領が法律上義務化される [1]。"
AI模擬,6. 関係法規,,"経済安全保障推進法に基づく特許出願の非公開制度において、保全指定の解除を検討する審査の頻度はどれか。",半年ごと。,1年ごと。,5年ごと。,存続期間中に一度も審査し直すことはない。,イ,"経済安全保障推進法第72条。少なくとも1年ごとに保全指定を継続する必要があるか確認しなければならない [18]。"