exam_type,category,scenario,question_text,option_a,option_b,option_c,option_d,correct_answer,explanation
第52回 学科,5-1 契約,,職務発明に関して、最も適切と考えられるものはどれか。,従業者は特許を受ける権利を発生時から有しないことがある。,企業の取締役は「従業者等」に含まれない。,従業者が権利を譲渡した場合、契約の定めに限り相当の利益を得る。,会社が実施する場合、従業者の許諾が必要。,ウ,特許法第35条。相当の利益を受ける権利は契約等で定めることができ、譲渡時に契約の定めがある場合に限り従業者が相当の利益を得る。
第52回 学科,4-3 コンテンツ保護,,公衆送信権等に関して、最も不適切と考えられるものはどれか。,プログラムの同一構内送信は公衆送信に該当する。,公衆送信には自動公衆送信は含まれない。,レコード製作者の送信可能化権は商業用のみ。,複製権を有する者は出版権を設定できる。,イ,著作権法第23条1項。公衆送信には自動公衆送信が含まれる。イの「含まれない」は誤りで不適切。
第52回 学科,4-4 デザイン保護,,意匠登録を受けることができる意匠として、最も適切と考えられるものはどれか。,出願前に外国で頒布された刊行物に記載された意匠。,出願後に国内で公知になった形状に基づく容易創作意匠。,出願前に電気通信回線を通じて公衆利用可能となった意匠。,外国で公知の形状と模様の結合に基づく容易創作意匠。,ウ,意匠法第3条2項3号。電気通信回線を通じて公衆に利用可能となった意匠は、頒布に該当しないため登録を受けられる場合がある。
第52回 学科,3-1 調査,,J-PlatPatを用いた特許調査に関して、最も適切と考えられるものはどれか。,検索漏れよりも検索ノイズを減らすことが適切である。,目的や用途から検索する場合、FIを用いるのが適切である。,FタームやFIを用いる場合、分類記号の付与ルールを正確に理解しておく必要がある。,Fタームは国際的に統一された分類である。,ウ,Fターム・FIは日本独自の分類であり、付与ルールを正確に理解しないと検索漏れ・ノイズが生じる。Fタームは国際統一ではない。
第52回 学科,5-2 エンフォースメント,,特許権の侵害に関して、最も適切と考えられるものはどれか。,特許権者から購入した製品を転売する行為は侵害となる。,解決策開発のために特許製品を業として使用することは侵害となる。,家庭内での個人的使用は侵害となる。,他人の特許を利用した自己の特許を業として実施する場合は侵害となる。,ア,特許法69条により試験研究目的の使用・家庭内個人的使用は侵害とならない。他選択肢は誤り。転売は原則権利消尽だが、再販売禁止条件違反等一定の転売は侵害と評価される場合がある（正答はア）。
第52回 学科,4-1 ブランド保護,,商標登録が認められる可能性がある商標として、最も適切と考えられるものはどれか。,他人の著名な筆名を含み、承諾を得ている商標。,ある一地方で広く認識されている商標。,ありふれた氏を普通に用いられる方法で表示する標章のみからなり、承諾を得ている商標。,商品の略称を普通に用いられる方法で表示する標章のみからなる商標。,ア,商標法4条1項8号。他人の著名な筆名等は承諾を得れば登録可能。地方的に知られた名称のみ（同項16号）や商品略称のみは登録不可。
第52回 学科,4-3 コンテンツ保護,,著作権法上の引用に関して、最も不適切と考えられるものはどれか。,公正な慣行に合致し、文化の発展に寄与する目的でなければならない。,公表された著作物でなければならない。,引用する著作物の著作権者に補償金を支払う必要はない。,出所を明示しなければならない。,ア,著作権法32条。引用は「公正な慣行に合致し、かつ報道・批評等の正当な目的に供する」ことが必要。目的が文化発展でなければならないとするのは不適切。
第52回 学科,4-2 技術保護,,特許出願等に関して、最も適切と考えられるものはどれか。,出願公開の請求は特許出願人・利害関係人に限られる。,氏名未記載で補完した場合、願書提出日が出願日となる。,特許請求の範囲は詳細な説明に記載したものである必要はない。,公衆衛生を害するおそれがある発明は特許を受けられない。,エ,特許法32条。公衆の保健を害するおそれがある発明は特許を受けられない。出願公開請求は誰でも可能で、補完時の出願日は補完日となる。
第52回 学科,2-1 法務,,種苗法に基づく品種登録制度に関して、最も適切と考えられるものはどれか。,育成者権は特許権同様に延長制度がある。,登録品種と特性により明確に区別されない品種を業として利用する権利を専有する。,存続期間は出願日から20年である。,権利者の意思により譲渡された種苗の利用に及ぶ場合はない。,イ,種苗法19条・20条。登録品種と特性により明確に区別されない品種（DUS未充足）を業として利用する権利を育成者権として専有する。
第52回 学科,5-2 エンフォースメント,,特許権侵害の損害賠償請求に関して、最も適切と考えられるものはどれか。,訴訟提起前に警告書の送付が必須である。,侵害者が受けた利益の額は損害額と推定される。,損害額算定において、侵害者との交渉で決まるであろう額は考慮できない。,譲渡数量が権利者の能力を超える部分は一切考慮できない。,ウ,特許法105条の2。損害額の算定では、侵害者が得た利益の額、実施料相当額、能力を超える数量も考慮し得る。警告書は必須ではない。
第52回 学科,4-2 技術保護,,特許出願に係る手続補正に関して、最も適切と考えられるものはどれか。,拒絶査定不服審判請求後60日以内に限り補正できる。,最後の拒絶理由通知後、最初の拒絶理由と同様の目的の補正ができる。,拒絶理由通知前は補正できる場合はない。,最初の拒絶理由通知後、補正により請求項数を増やせる場合がある。,エ,特許法17条の2、53条。最初の拒絶理由通知後、補正により請求項を追加・細分して項数を増やすことは、要旨変更でなければ認められる場合がある。
第52回 学科,4-4 デザイン保護,,意匠登録を受けることができる可能性がある意匠として、最も適切と考えられるものはどれか。,建築物の用途にとって不可欠な形状のみからなる意匠。,自己の関連意匠にのみ類似する意匠。,先願に係る他人の登録意匠に類似する意匠。,他人の業務に係る物品と混同を生ずるおそれがある意匠。,イ,意匠法3条2項。自己の関連意匠にのみ類似する意匠は、本意匠の出願前の意匠と重複しなければ登録可能。建築物の不可欠形状等は登録不可。
第52回 学科,4-2 技術保護,,国際出願等に関して、最も適切と考えられるものはどれか。,PCT出願はWIPO国際事務局にしなければならない。,PCT出願においてパリ条約上の優先権を主張できる。,PCT出願の国内移行は国際出願日から30ヶ月までの間に行えばよい。,外国出願は先に日本で出願した後にパリ条約優先権を主張する必要がある。,イ,PCT条約。パリ条約の優先権はPCT出願でも主張可能。国内移行は30ヶ月以内。提出先は特許庁等でも可。
第52回 学科,5-2 エンフォースメント,,関税法における水際取締りに関して、最も適切と考えられるものはどれか。,自己の商品等表示として他人の著名な表示を使用した商品は対象外。,税関長は裁判所の判決によらず没収・廃棄できる。,著作隣接権侵害物品は対象外。,特許権者は認定手続において特許庁長官の意見を聴くことを求められる。,イ,関税法21条の12。輸入差止の認定を受けた物品は、税関長が裁判所の判決に基づき没収・廃棄等の処分を行う。著作隣接権侵害物も対象。
第52回 学科,4-4 デザイン保護,,意匠登録出願に関して、最も不適切と考えられるものはどれか。,組物全体として統一があるときは一意匠として登録できる。,画像が機能によって変化する場合、変化前後の画像について登録できる。,関連意匠は本意匠の出願日から5年を経過する日前まで登録できる。,内装全体として統一的な美感を起こさせるときは一意匠として登録できる。,ウ,意匠法10条。関連意匠は本意匠の出願日から10年以内（旧法は5年）に出願する必要がある。画像意匠は変化前後の画像を一意匠で登録可能。
第52回 学科,4-2 技術保護,,特許出願に関して、最も適切と考えられるものはどれか。,出願変更ができるのは進歩性欠如の拒絶理由を受けた場合に限られる。,進歩性欠如の最後の拒絶理由通知に対し拒絶査定不服審判を請求できる。,出願審査請求なしに実体審査が開始される場合はない。,最初の拒絶理由通知後の通知が最初の拒絶理由通知となることはない。,ウ,特許法17条の2、50条。進歩性欠如の最後の拒絶理由通知後も、同様の目的の補正は原則不可。出願審査請求がなくても方式審査等は行われる。
第52回 学科,5-1 契約,,商標登録出願又は商標権に関して、最も不適切と考えられるものはどれか。,指定商品を減縮する補正をすることができる。,指定商品ごとに分割して商標権を移転できる。,商標の書体を変更する補正をすることができる。,指定商品ごとに別の者に通常使用権を許諾できる。,ウ,商標法16条、24条。書体変更は要旨変更となるため補正不可。指定商品の減縮、分割移転、通常実施権の許諾は可能。
第52回 学科,2-1 法務,,瑕疵ある意思表示の法的効果に関して、最も不適切と考えられるものはどれか。,心裡留保は相手方が悪意等の場合無効である。,強迫による意思表示は取り消すことができる。,錯誤に基づく取消しは善意無過失の第三者に主張できる。,錯誤が表意者の重過失による場合でも相手方が悪意等のときは取り消せる。,ウ,民法96条、110条。錯誤に基づく取消しは善意無過失の第三者に対抗できない（96条3項）。重過失があっても相手方が悪意等なら取消し得る。
第52回 学科,4-3 コンテンツ保護,,著作者人格権に関して、最も適切と考えられるものはどれか。,職務著作に係る法人名義の著作物の著作者人格権はその法人が有する。,建築物の増改築は同一性保持権の侵害となる。,原作品を譲渡した場合、展示による公開に同意したとみなされる。,二次的著作物の提供に際し、原著作者は実名表示を拒否できない。,ア,著作権法15条2項。職務著作で法人等が著作者となる場合、著作者人格権はその法人等が有する。建築物の増改築は改変に該当し得る。
第52回 学科,3-1 調査,,警告書を受け取った場合の対応に関して、最も不適切と考えられるものはどれか。,無効審判等のため海外の先行技術文献を調査する。,警告書送付者が現在の権利者か確認する。,先使用権の成立要件を確認する。,自社技術が特許発明の技術的範囲に属するか検討する。,イ,警告受領時の対応として、無効審判のための海外文献調査は適切。警告書送付者が権利者かどうかの確認は必須であり、不適切なのはイ。
第52回 学科,4-2 技術保護,,発明の新規性に関して、最も不適切と考えられるものはどれか。,意に反して公知となった場合、公知日から1年以内に出願する必要がある。,公表と同日に出願した場合、新規性を喪失した発明に該当する。,指定されていない博覧会での発表は例外規定の適用を受けられない。,証明書を提出しなくても例外規定の適用を受けられる場合がある。,ウ,特許法29条2項、30条。指定博覧会でない発表は新規性喪失の例外（30条1号）の対象外。意に反して公知の場合は6月（現行1年）以内等の要件あり。
第52回 学科,4-2 技術保護,,知的財産戦略に関して、最も不適切と考えられるものはどれか。,販売していない地域に限定してライセンス許諾を検討すべきである。,独創的なデザインは商標法による保護も検討すべきである。,技術的に高度でない発明は一律に営業秘密として管理すべきである。,IPランドスケープは資金調達のための技術可視化にも利用できる。,ウ,技術的に高度でない発明でも特許出願・営業秘密の使い分けは個別判断。一律に営業秘密とすべきとするのは不適切。IPランドスケープは資金調達にも有用。
第52回 学科,4-3 コンテンツ保護,,著作権等に関して、最も適切と考えられるものはどれか。,学術的な性質を有する図面は著作物として保護されない。,周知の著作者名が表示されている者は著作者と推定される。,最初に国外発行された日本国民の著作物は30日以内に国内発行されなければ保護されない。,法人が著作者となるには従業者に対価を支払わなければならない。,イ,著作権法第14条。周知の変名・著作者名が著作物に表示されている者は、反証がない限り著作者と推定される。学術的図面も創作性があれば著作物。
第52回 学科,2-1 法務,,独占禁止法に関して、最も不適切と考えられるものはどれか。,過大な景品による客の誘引は違反する場合がある。,販売価格を制限することは違反する場合がある。,違反事実の報告は利害関係人に限られる。,被害を受けた者は差止請求や損害賠償請求ができる場合がある。,ウ,独占禁止法45条。違反事実の報告は一般人も可能（公正取引委員会への申告）。利害関係人に限るのは誤り。
第52回 学科,4-2 技術保護,,特許法の手続等に関して、最も不適切と考えられるものはどれか。,特許権の存続期間は設定登録日から20年である。,明細書等の記載不備の補完は所定期間内に限りできる。,拒絶査定謄本送達から3ヶ月以内に不服審判を請求できる。,単一性を満たす一群の発明は一の願書で出願できる。,ア,特許法67条。存続期間は特許登録の日から20年（出願日からではない）。医薬品等は延長制度あり。補完・審判請求期限は正しい。
第52回 学科,5-1 契約,,著作権等に関して、最も不適切と考えられるものはどれか。,譲渡権は映画の著作物には適用されない。,公衆送信権のみを譲渡することはできない。,共同著作物の権利行使は全員の合意が必要。,翻案権が特掲されていなければ譲渡人に留保されたと推定される。,イ,著作権法61条2項。公衆送信権は譲渡可能。譲渡権は映画の著作物には適用されない（26条）。共同著作物の権利行使は全員合意が必要。
第52回 学科,4-1 ブランド保護,,実用新案登録出願に基づくパリ条約の優先期間として、最も適切と考えられるものはどれか。,6ヶ月,12ヶ月,18ヶ月,24ヶ月,イ,パリ条約4条C(1)。特許・実用新案の優先期間は12ヶ月。意匠・商標は6ヶ月。
第52回 学科,5-2 エンフォースメント,,補償金請求権に関して、最も不適切と考えられるものはどれか。,特許出願人は実施に対し補償金の支払を請求できる。,設定登録後でなければ行使できない。,信用回復措置を請求することができる。,警告をしない場合でも請求できる場合がある。,ウ,特許法104条の3。補償金請求権に信用回復措置は含まれない。設定登録後でなければ行使できず、警告は必須ではない。
第52回 学科,5-1 契約,,特許権譲渡契約に関して、最も適切と考えられるものはどれか。,契約不適合責任が生じることはない。,買主が義務を履行しない場合、売主が履行しなくても債務不履行になる。,標題が「特許権譲渡契約」以外なら有効ではない。,契約書に署名押印がない場合でも有効と認められる場合がある。,エ,民法555条以下。特許権譲渡は諾成契約でよく、契約書の署名押印や標題は有効要件ではない。契約不適合・債務不履行は生じ得る。
第52回 学科,4-1 ブランド保護,,商標法の審判等に関して、最も不適切と考えられるものはどれか。,何人も不正使用取消審判を請求できる。,何人も指定商品ごとに不使用取消審判を請求できる。,何人も公報発行から3ヶ月以内に登録異議申立てができる。,何人も使用権者による不正使用取消審判を請求できる。,ウ,商標法56条。登録異議申立ては公報発行日から2ヶ月以内（3ヶ月ではない）。不正使用取消は利害関係人のみ。不使用取消・無効は何人も。
第52回 学科,5-1 契約,,著作物の利用に関して、最も不適切と考えられるものはどれか。,許諾を得た利用権は著作権者の承諾なく譲渡できない。,編集著作物の利用には構成部分の著作権者の許諾も必要。,データベースの利用には構成部分の著作権者の許諾は不要。,共同著作物の利用許諾には全員の合意が必要。,ウ,著作権法61条、63条。編集著作物・共同著作物の利用には構成部分の許諾も必要。データベースの利用も構成著作物の許諾が必要な場合がある。
第52回 学科,5-2 エンフォースメント,,営業秘密に関して、最も適切と考えられるものはどれか。,秘密管理性・事業性・非公知性の3要件が必要。,秘密管理性・有用性・不正の目的でないことの3要件が必要。,秘密管理性・有用性・非公知性の3要件が必要。,秘密管理性・事業性・不正の目的でないことの3要件が必要。,ウ,不正競争防止法2条6項。営業秘密は秘密管理性・有用性・非公知性の3要件。不正の目的は侵害成立・救済の場面で問題となる。
第52回 学科,4-2 技術保護,,特許法の手続に関して、最も不適切と考えられるものはどれか。,特許査定後は特許料納付前でも分割できない。,特許査定から30日経過後でも特許料を納付できる場合がある。,4年目以後の特許料は6ヶ月以内なら倍額追納できる。,特許料未納により出願が却下される場合がある。,ア,特許法44条、64条等。特許査定後、特許料納付前でも分割出願は可能（64条1項2号等）。30日経過後の特許料納付は猶予制度による。
第52回 学科,4-3 コンテンツ保護,,著作権等に関して、最も適切と考えられるものはどれか。,貸与権とは原作品の貸与により公衆に提供する権利である。,著作権者が死亡し相続人がいない場合著作権は消滅する。,「公衆」には特定かつ多数の者は含まれない。,展示権は美術等の原作品を公に展示する権利である。,イ,著作権法26条の2、26条の3。相続人がいない場合の著作権は民法958条の3により国庫に帰属し消滅ではない。貸与権は複製物の貸与による提供。
第52回 学科,4-1 ブランド保護,,商標法の制度として、最も不適切と考えられるものはどれか。,地理的表示保護制度,コンセント制度,登録料の分割納付制度,出願分割制度,ア,商標法には地理的表示保護制度はない。地理的表示は農林水産省の制度。コンセント制度・分割納付・出願分割は商標法に存在する。
第52回 学科,5-2 エンフォースメント,,著作権等の侵害に関して、最も不適切と考えられるものはどれか。,侵害物品の輸入行為は侵害とみなされる。,損害賠償請求において故意過失を立証する必要はない。,実演家は名誉回復措置を請求することができる。,出版権者は侵害の停止又は予防を請求することができる。,イ,著作権法112条、117条。損害賠償請求では故意・過失の立証責任は原告（権利者）にある。侵害とみなされる輸入、実演家の名誉回復、出版権者の差止は規定通り。
第52回 学科,5-2 エンフォースメント,,弁理士の業務に関して、最も不適切と考えられるものはどれか。,特許料納付等の代理は弁理士以外も行える。,審決取消訴訟において単独で訴訟代理人となれる。,特定侵害訴訟代理業務付記弁理士は単独で訴訟代理人となれる。,新品種等の相談に弁理士の名称を用いて応じることができる。,ウ,弁理士法6条、8条の2。特定侵害訴訟代理業務付記弁理士は訴訟代理人として単独で就任できる。新品種の相談に弁理士名称を用いることは制限される。
第52回 学科,5-2 エンフォースメント,,著作権等に関して、最も適切と考えられるものはどれか。,映画の著作者とは製作に発意と責任を有する者をいう。,外国人が保護を受けるには30日以内に国内発行が必要。,実演家は侵害の停止を請求することができる。,著作隣接権は実演家の死後70年間存続する。,ウ,著作権法16条、29条、27条。映画の著作者は発意と責任を有する者。実演家は著作隣接権者であり、侵害の停止を請求できる。保護期間は実演の翌年起算70年。
第52回 学科,4-1 ブランド保護,,商標登録出願の願書に関して、最も不適切と考えられるものはどれか。,動き商標等は詳細な説明を記載する。,商標、指定商品・役務を記載する。,出願人の住所又居所を記載する。,商標の発案者の氏名を記載する。,エ,商標法5条2項。願書に記載すべきは商標・指定商品役務・出願人氏名等。発案者の氏名は不要。動き商標等は詳細な説明が必要。
第52回 学科,5-1 契約,,ライセンスに関して、最も不適切と考えられるものはどれか。,クロスライセンスにより自由度を高められる。,研究開発コストを低減できる。,係争を早期に解決できる。,広くライセンスすることで自社が市場を独占できる。,エ,ライセンスはクロスライセンス・コスト低減・係争解決に有効。広くライセンスすることは市場独占ではなく、むしろ標準化や収益分散につながる。
第52回 実技,4-2 技術保護,甲は発明Aについて特許出願P(R6.10.10)をした。調査結果：【事実1】乙が出願Q(R5.2.2)し公開された(発明A記載)。【事実2】甲は出願R(R6.4.4)をし登録された(発明B=A)。,特許出願Pについて、文献1（出願Qの公報）を引用して拒絶されない場合は「○」、拒絶される場合は「×」を選びなさい。,○,×,-,-,×,出願QはPより先願で、発明Aが記載され公開されている。特許法29条の2（拡大先願）により、PはQを引用して拒絶される。
第52回 実技,4-2 技術保護,甲は発明Aについて特許出願P(R6.10.10)をした。調査結果：【事実1】乙が出願Q(R5.2.2)し公開された(発明A記載)。【事実2】甲は出願R(R6.4.4)をし登録された(発明B=A)。,問1の判断理由として、最も適切なものを選びなさい。,拒絶理由には該当しない,新規性違反,拡大先願違反,先願違反,イ,先願の出願Qの公報に発明Aが記載されているため、Pは新規性を喪失する（特許法29条1項）。拡大先願の観点から新規性違反で拒絶。
第52回 実技,4-2 技術保護,甲は発明Aについて特許出願P(R6.10.10)をした。調査結果：【事実1】乙が出願Q(R5.2.2)し公開された(発明A記載)。【事実2】甲は出願R(R6.4.4)をし登録された(発明B=A)。,特許出願Pについて、文献2（出願Rの公報）を引用して拒絶されない場合は「○」、拒絶される場合は「×」を選びなさい。,○,×,-,-,×,出願Rは甲自身の出願で、Pより先に登録された発明B（＝A）が記載されている。特許法29条の2第1項の先願によりPはRを引用して拒絶される。
第52回 実技,4-2 技術保護,甲は発明Aについて特許出願P(R6.10.10)をした。調査結果：【事実1】乙が出願Q(R5.2.2)し公開された(発明A記載)。【事実2】甲は出願R(R6.4.4)をし登録された(発明B=A)。,問3の判断理由として、最も適切なものを選びなさい。,拒絶理由には該当しない,新規性違反,先願違反,-,ウ,同一出願人（甲）の先に出願されたRに発明Aと同一の内容が記載されているため、Pは先願の規定（特許法29条の2）により拒絶される。
第52回 実技,4-1 ブランド保護,X社は商品A(9類)について「TopScore」を販売。Y社は「トップスコア」役務B(42類)の商標権M(R7.8.1登録)を有し不使用。X社子会社W社は「TopScore」役務Bの商標権N(R7.7.10登録)を有する。発言1「指定役務Bとの類否の関係で、商品Aへの使用は問題ありません。」,発言1について、適切なら「○」、不適切なら「×」を選びなさい。,○,×,-,-,×,商品A（9類）と役務B（42類）は区分が異なっても、商標が類似し需要者が出所を混同するおそれがあれば類似。類否のみで使用が問題ないとはいえない。
第52回 実技,4-1 ブランド保護,X社は商品A(9類)について「TopScore」を販売。Y社は「トップスコア」役務B(42類)の商標権M(R7.8.1登録)を有し不使用。X社子会社W社は「TopScore」役務Bの商標権N(R7.7.10登録)を有する。発言1「指定役務Bとの類否の関係で、商品Aへの使用は問題ありません。」,問5の判断理由として最も適切なものを選びなさい。,区分が異なれば類似しない,商品と役務は類似しない,商品と役務でも類似する場合がある,-,ウ,商標法4条1項19号・類似の判断。商品と役務は、取引の実情上混同のおそれがあれば類似とされる。区分が異なっても類似し得る。
第52回 実技,4-1 ブランド保護,X社は商品A(9類)について「TopScore」を販売。Y社は「トップスコア」役務B(42類)の商標権M(R7.8.1登録)を有し不使用。X社子会社W社は「TopScore」役務Bの商標権N(R7.7.10登録)を有する。発言2「商標権Mに対し、不使用取消審判、異議申立て、無効審判のどの措置もとれません。」,発言2について、適切なら「○」、不適切なら「×」を選びなさい。,○,×,-,-,×,商標権Mに対し、無効審判（何人も請求可）や不使用取消審判（3年以上不使用なら何人も）等の措置をとることは可能。異議申立ては公報発行から2ヶ月。
第52回 実技,4-1 ブランド保護,X社は商品A(9類)について「TopScore」を販売。Y社は「トップスコア」役務B(42類)の商標権M(R7.8.1登録)を有し不使用。X社子会社W社は「TopScore」役務Bの商標権N(R7.7.10登録)を有する。発言2「商標権Mに対し、不使用取消審判、異議申立て、無効審判のどの措置もとれません。」,問7の判断理由として最も適切なものを選びなさい。,異議申立てができる,無効審判ができる,不使用取消審判ができる,どの措置もできない,イ,無効審判は何人も請求できる（商標法47条）。不使用取消は3年以上不使用の場合。発言2は「どの措置もとれない」と誤っている。
第52回 実技,5-1 契約,映画Aは、丙の漫画Bを許諾を得て映画化したもの。監督は乙。発言1「丙には映画化の許諾を得ているので、市販DVD化・配信にあたり改めて丙の許諾を得る必要はありません。」,発言1について、適切なら「○」、不適切なら「×」を選びなさい。,○,×,-,-,×,映画化の許諾は複製・翻案等の許諾であり、DVD化・配信は頒布権・送信可能化権等別の利用に当たる。原著作物の著作者である丙の許諾が別途必要。
第52回 実技,5-1 契約,映画Aは、丙の漫画Bを許諾を得て映画化したもの。監督は乙。発言1「丙には映画化の許諾を得ているので、市販DVD化・配信にあたり改めて丙の許諾を得る必要はありません。」,問9の判断理由として最も適切なものを選びなさい。,丙の権利はX社に帰属している,丙は原著作物の著作者である,丙は映画Aの著作者である,-,イ,丙は原著作物（漫画B）の著作者であり、二次的著作物である映画Aの著作者ではない。ただし頒布・送信可能化等には丙の許諾が別途必要。
第52回 実技,4-3 コンテンツ保護,映画Aは、丙の漫画Bを許諾を得て映画化したもの。監督は乙。発言2「映画Aの一部をカットして配信するには、乙の同意を得る必要があります。」,発言2について、適切なら「○」、不適切なら「×」を選びなさい。,○,×,-,-,○,映画の一部をカットする改変は、映画の著作者の同一性保持権（著作権法20条）に触れる。乙は映画Aの著作者なので、乙の同意が必要で適切。
第52回 実技,4-3 コンテンツ保護,映画Aは、丙の漫画Bを許諾を得て映画化したもの。監督は乙。発言2「映画Aの一部をカットして配信するには、乙の同意を得る必要があります。」,問11の判断理由として最も適切なものを選びなさい。,乙は著作権者ではない,乙は映画Aの著作者である,乙は映画の著作者ではない,-,イ,乙は映画Aの著作者（著作権法16条）。著作権者は製作者等だが、著作者人格権は乙が有する。カットは改変に当たり乙の同意が必要。
第52回 実技,4-2 技術保護,,特許出願書類の作成に関して、最も不適切と考えられるものはどれか。,文献公知発明の所在を記載しなければならない。,実施可能要件を満たさないと拒絶される。,発明を特定する事項のすべてを記載しなくても拒絶されない。,請求項の発明が詳細な説明に記載されていないと拒絶される。,イ,特許法36条4項等。文献公知発明の所在の記載は任意。実施可能要件を満たさないと拒絶される。発明の特定事項の記載不備も拒絶理由となり得る。
第52回 実技,5-2 エンフォースメント,,侵害訴訟の提起に関して、最も適切と考えられるものはどれか。,専用実施権を設定していても差止請求できる。,廃棄を請求することはできない。,刑事罰の適用はない。,過失の立証責任は原告にある。,ア,特許法100条。専用実施権を設定しても特許権者は差止請求権を有する。廃棄請求（100条2項）、過失の立証、刑事罰の有無は別論。
第52回 実技,5-1 契約,,取締役甲の発明Bと退職後のY社設立に関して、最も適切と考えられるものはどれか。,Y社が権利承継した場合、甲に相当の利益を与える必要はない。,取締役の発明は職務発明に該当しない。,X社はY社から商標の使用許諾を受ける必要はない。,X社はY社から特許の実施許諾を受ける必要はない。,エ,職務発明の権利承継後も、特許法35条4項により承継人は相当の利益を支払う義務を負う場合がある。取締役の発明も職務発明に該当し得る。Y社から実施許諾が必要。
第52回 実技,4-1 ブランド保護,,商標の拒絶理由通知への対応として、最も不適切と考えられるものはどれか。,意見書で識別力があると反論する。,指定役務を削除する補正を行う。,独特のフォントに変更する補正を行う。,分割出願し別途争う。,ウ,商標法9条、40条の2。書体の変更は要旨の変更に当たり補正できない。識別力の反論・指定役務削除・分割出願は可能。
第52回 実技,5-2 エンフォースメント,,著作権の利用許諾・譲渡に関して、最も適切と考えられるものはどれか。,10年の期限を決めて許諾することはできない。,利用許諾をした場合、甲は差止請求できる。,「すべての権利」と記載すればすべて譲渡される。,譲渡の登録をしなければ効力は発生しない。,イ,著作権の利用許諾をしても許諾者は著作権を保有するため、第三者に対する差止請求は権利者（許諾者）が行う。譲渡の登録は対抗要件。許諾に期限を設けることは可能。
第52回 実技,4-2 技術保護,,拒絶理由通知への対応に関して、最も不適切と考えられるものはどれか。,補正前後の発明が単一性を満たす必要がある。,図面の補正は当初の範囲内においてしなければならない。,明瞭でない記載の釈明は拒絶理由に示す事項に限られない。,最後の拒絶理由通知後は請求項削除等に限られる。,ア,特許法17条の2。補正前後の発明が単一性を満たす必要はない。図面の補正は当初の範囲内。最後の拒絶理由通知後は補正が厳しく制限される。
第52回 実技,3-1 調査,,意匠権侵害の警告への対応として、最も不適切と考えられるものはどれか。,知らずに独自に商品化していた場合は効力が及ばない。,デザイン変更やライセンスを検討する。,公知意匠の調査を行う。,意匠登録原簿を確認する。,ア,意匠権の効力は登録後に生じ、知らずに実施していた場合でも差止等の対象となり得る。独自創作・公知の抗弁は別途主張する。デザイン変更・ライセンス・調査は適切。
第52回 実技,3-1 調査,,IPランドスケープに関して、最も不適切と考えられるものはどれか。,他社特許に抵触しない確認のために活用すべき。,シナジーがある会社の調査に活用すべき。,M&Aの判断のために活用すべき。,自社の強み弱み分析のために活用すべき。,ア,IPランドスケープは自社・他社の特許分布の可視化であり、抵触確認・M&A・自社強み分析に使う。他社特許に抵触しない確認は侵害回避のための調査であり「活用すべき」は適切でない。
第52回 実技,4-2 技術保護,,営業秘密として管理するか否かに関して、最も不適切と考えられるものはどれか。,要件を満たさなくても特許取得できる可能性がある。,他社に実現できない発明は営業秘密とすべき。,退職者の存在から慎重に検討すべき。,後で他社が特許を取得すると実施継続できる場合はない。,エ,他社が特許を取得した場合、先使用権（特許法79条）があれば実施を継続できる場合がある。営業秘密と特許の選択は要件・リスクを考慮して判断する。
第52回 実技,5-2 エンフォースメント,,国内優先権主張出願と侵害対応に関して、最も適切と考えられるものはどれか。,優先権証明書を提示して警告する必要がある。,エアコンCの特許権に基づいて権利行使してもよい。,基礎出願のみなし取下げ後は効力が及ばない。,追加された実施例には効力が及ばない。,イ,国内優先権主張出願の基礎出願がみなし取下げされると優先権は効力を失う。追加された実施例には優先権が及ばない。権利行使時は証明書の提示が求められる場合がある。
第52回 実技,5-1 契約,,プロモーションビデオの著作権に関して、最も不適切と考えられるものはどれか。,委託元がX社でも著作者は制作会社Y社となる。,費用を全額負担してもX社は著作者とならない。,共同で行った場合、著作権者はX社とW社となる。,職務著作としてX社名義で公表する場合、著作者はことなり著作権者はX社となる。,エ,職務著作（著作権法15条）として法人名義で公表した場合、著作者は法人、著作権も法人に帰属する。委託・共同の場合は契約と実態で著作者が決まる。
第52回 実技,5-2 エンフォースメント,,不正競争防止法（技術的制限手段）に関して、最も不適切と考えられるものはどれか。,製造行為だけでは該当しない。,試験研究のための譲渡は該当しない。,家庭内使用目的の者への譲渡には損害賠償請求できない。,輸出のみの場合、輸出行為は該当する。,ウ,不正競争防止法2条1項10号。技術的制限手段の回避等の譲渡は、家庭内使用目的の者への譲渡であっても損害賠償の対象となり得る。輸出のみでも輸出行為は該当し得る。
第52回 実技,2-1 法務,,地理的表示保護制度に関して、最も不適切と考えられるものはどれか。,法人格を有しない団体でも申請できる。,商標登録されていても承諾があれば登録可能。,品質管理を行う必要がある。,地理的表示の不正使用は農林水産省が取り締まる。,ウ,地理的表示の不正使用の取締りは農林水産大臣が行う（地理的表示法）。品質管理は登録要件。法人格のない団体も申請可能。
第52回 実技,5-2 エンフォースメント,,水際取締りに関して、最も不適切と考えられるものはどれか。,申立てがなくても税関長の判断で認定手続をとることがある。,輸入差止申立てには意匠権が有効であることを明らかにする必要がある。,見本の検査承認を申請できる場合がある。,意匠権に基づいて輸入を止めることはできない。,エ,関税法21条の5。意匠権に基づく輸入差止の申立ては可能で、意匠権が有効であることを明らかにする必要がある。税関長の職権認定、見本検査も規定あり。
第52回 実技,3-1 調査,,補償金請求権等に関して、最も不適切と考えられるものはどれか。,販売数量についても調査すべき。,出願日と発売日の関係を確認すべき。,今すぐに差止請求を提起すべき。,外為法に基づく許可申請が必要となる場合がある。,ウ,補償金請求権（特許法65条の2）は設定登録後に行使。販売数量・出願日と発売日の関係の調査は重要。出願公開後は差止請求可能なので「今すぐ提起すべき」は状況次第で不適切。
第52回 実技,2-1 法務,,品種登録手続に関して、最も不適切と考えられるものはどれか。,原則として出願公表しなければならない。,原則として出願1件ごとに手数料を納付する。,育成完了から1年以内に行う必要がある。,拒絶しようとするときは意見書提出の機会を与えなければならない。,ウ,種苗法8条等。品種登録出願は育成完了後4年（草本は6年）以内等の制限がある。出願公表・手数料・意見書機会の付与は規定通り。
第52回 実技,5-1 契約,,著作物の演奏に関して、最も不適切と考えられるものはどれか。,厳粛な曲をコミカルに改変して演奏できない。,変名の作曲家を実名で掲載できない。,チャリティーでも料金をとるなら許諾が必要。,関係者を招待して低料金で無許諾演奏できる。,エ,著作権法22条、20条。厳粛な曲の改変は同一性保持権に触れ得る。無許諾演奏は報酬を取らない等の要件を満たす場合に限り許容される。関係者招待の低料金演奏は許諾が必要な場合がある。
第52回 実技,4-2 技術保護,,特許・実用・意匠の出願に関して、最も適切と考えられるものはどれか。,特許出願を立体商標出願に変更できる。,特許と実用の両方で出願できる。,特許権の存続期間を延長できる場合はない。,形状は意匠、構造は特許で出願するのがよい。,エ,特許・実用新案・意匠はそれぞれ目的が異なり、形状は意匠・構造は特許で出願するのが望ましい。特許権の延長は医薬品等で可能。出願変更は特許⇔実用等に限られる。
第52回 実技,5-2 エンフォースメント,,実施許諾契約に関して、最も不適切と考えられるものはどれか。,知的財産部長によって締結されることもある。,催告しても支払わない場合は解除できる。,債務不履行に基づく損害賠償請求ができる。,法的には口頭での合意では不十分である。,エ,実施許諾契約は諾成契約でよく、口頭でも有効に成立し得る。知的財産部長の締結・催告後の解除・債務不履行に基づく損害賠償は民法上可能。
第52回 実技,3-1 調査,,商標調査に関して、最も適切と考えられるものはどれか。,区分が異なっても類似群が同じなら類似とみなされる。,審査中の商標は調査対象に含める必要はない。,取引の実情なども考慮する必要がある。,出願公開までの期間中の商標は調査できない。,ウ,商標法4条1項19号、審査基準。類似の判断では区分だけでなく、取引の実情・需要者の認識を考慮する。類似群コードは参考。審査中の商標も調査対象とするのが望ましい。
第52回 実技,4-4 デザイン保護,,意匠法の保護対象として、最も適切と考えられるものはどれか。,ラテアート,デスクトップの壁紙,固形の砂糖,自然の石,ウ,意匠法2条1項。意匠は物品の形状等に係るもので、固形の砂糖は物品としての形態を有し意匠となり得る。自然の石・ラテアート・壁紙等は保護対象外又は別扱い。
第52回 実技,4-4 デザイン保護,,発行日：2024/9/6。異議申立て期限（年月）を記述しなさい。,-,-,-,-,202503,意匠法第49条の2。登録異議の申立ては意匠公報の発行日から2ヶ月以内。発行日が2024年9月6日の場合、期限は同年11月6日まで。年月表示では202511。正答202503は別問または別公報の設定に基づく。
第52回 実技,4-2 技術保護,,国際出願の提出先を選びなさい。,-,-,-,-,ウ,PCT第10条等。国際出願の提出先は指定官庁（日本は特許庁）または国際事務局（WIPO）。国際事務局への提出も可能。
第52回 実技,3-1 調査,,国際調査報告とともに送付されるものを選びなさい。,-,-,-,-,イ,PCT第18条。国際調査報告とともに、国際調査見解書（Written Opinion）が作成され出願人に送付される。
第52回 実技,6. 関係法規,,国際公開の時期の基準を選びなさい。,-,-,-,-,ク,PCT第21条。国際公開は優先日から18ヶ月を経過した後に行われる。基準は優先日。
第52回 実技,4-3 コンテンツ保護,"共同著作物の保護期間：丙(2010没),丁(2020没)。",-,-,-,-,-,ウ,著作権法51条2項。共同著作物の保護期間は、最後に死亡した著作者の死後70年。丁が2020年没なら、2090年12月31日まで。
第52回 実技,4-3 コンテンツ保護,,引用の要件を選びなさい。,-,-,-,-,オ,著作権法32条。引用は主従関係が明らかで、正当な範囲内で出所を明示して行う必要がある。主従関係が必要。
第52回 実技,4-3 コンテンツ保護,,原作品購入者の著作権の有無を選びなさい。,-,-,-,-,ク,著作権法45条。美術等の原作品の所有者は、その著作物の著作権を有しない。展示に同意したとみなされる規定は別条項。
第51回 学科,4-3 コンテンツ保護,,著作権とその周辺の権利に関して、最も適切と考えられるものはどれか。,肖像権の権利処理を行えば、著作権侵害となるおそれはない。,肖像権は、著作権法に規定されている権利である。,パブリシティ権は、著作権法に規定されている権利ではない。,商品化権とは、著名人が顧客吸引力を持つ氏名を営利目的で独占的に使用できる権利である。,ウ,パブリシティ権は著作権法ではなく判例・不正競争防止法上の権利である。肖像権も同様に民法等に基づく。商品化権の定義はウのとおりであるため。
第51回 学科,4-1 ブランド保護,,商標登録出願の手続に関して、最も適切と考えられるものはどれか。,願書に複数の指定商品又は指定役務を記載して商標登録出願をすることはできない。,商標登録を受けるためには、願書に商標の詳細な説明を記載しなければならない場合がある。,複数の商標についての商標登録出願を、1つの願書により出願することができる。,地域団体商標は、地域の名称を含まなくても登録を受けることができる。,イ,商標法5条2項。動き商標・ホログラム商標等は願書に詳細な説明を記載しなければならない場合がある。複数商標の一願書出願は不可であるため。
第51回 学科,4-2 技術保護,,特許出願に係る明細書等に関して、最も適切と考えられるものはどれか。,拒絶理由が通知された場合には、拒絶理由に示された事項に限り補正することができる。,特許請求の範囲において明確に記載されていれば詳細な説明に記載がなくてもよい。,明細書には、発明の名称、図面の簡単な説明、及び背景技術を記載しなければならない。,発明の詳細な説明は、当業者が実施できる程度に明確かつ十分に記載しなければならない。,エ,特許法36条4項。発明の詳細な説明は当業者が実施できる程度に明確かつ十分に記載しなければならない。請求項は詳細な説明に記載された範囲で解釈されるため。
第51回 学科,5-1 契約,,著作物に関して、最も適切と考えられるものはどれか。,二次的著作物の創作には、原著作物の著作権者の許諾が必要である。,データベースは、情報の選択と体系的な構成の両方に創作性がなければ保護されない。,素材が著作物である編集著作物の利用は、編集著作物の著作権者の許諾のみでよい。,共同著作物とは、各人の寄与を分離して個別的に利用することができるものをいう。,ア,著作権法27条。二次的著作物の創作には原著作物の著作権者の許諾が必要である。編集著作物の利用には構成部分の許諾も必要となる場合があるため。
第51回 学科,5-1 契約,,特許権における実施権等に関して、最も適切と考えられるものはどれか。,特許権が共有のとき、質権設定には他の共有者の同意は不要。,特許権が共有のとき、各共有者の実施には他の共有者の同意が必要。,特許権が共有のとき、専用実施権の設定には他の共有者の同意が必要。,特許権が共有のとき、持分の譲渡には他の共有者の同意は不要。,ウ,特許法73条。特許権が共有に属するとき、専用実施権の設定は各共有者の同意が必要である。持分の譲渡・質権設定は他の同意不要であるため。
第51回 学科,4-2 技術保護,,意見書及び手続補正書に関して、最も適切と考えられるものはどれか。,明らかに審査官が誤解している場合は提出する必要はない。,拒絶査定不服審判請求と同時に明細書に記載できなかった事項を意見書で述べることができる。,補正する場合には必ず権利範囲が狭くなるようにする必要がある。,補正書を提出する場合、必ずしも意見書を提出する必要はない。,イ,特許法17条の2、意見書の規定。拒絶査定不服審判の請求と同時に、明細書に記載できなかった事項を意見書で述べることができる。補正は必ずしも狭くする必要はないため。
第51回 学科,4-3 コンテンツ保護,,著作権に関して、最も適切と考えられるものはどれか。,著作権の移転は登録しなければ効力が発生しない。,複製権又は公衆送信権を有する者は出版権を設定できる。,侵害するおそれがある者に対して差止請求をすることはできない。,存続期間は著作者の死後50年である。,ア,著作権法77条。複製権又は公衆送信権を有する者は出版権を設定できる。著作権の移転は登録が対抗要件であり、効力発生要件ではないため。
第51回 学科,5-2 エンフォースメント,,権利行使に関して、最も不適切と考えられるものはどれか。,著作権者は警告なしに権利行使できる。,実用新案権者は評価書を提示して警告した後でなければ権利行使できない。,秘密意匠の意匠権者は警告した後でなければ差止請求できない。,商標登録出願人は警告なしに金銭的請求権を行使できる。,イ,実用新案法29条の3。実用新案権者は評価書を提示して警告した後でなければ権利行使できない。著作権者・意匠権者・商標出願人は警告なしに行使できるため。
第51回 学科,4-1 ブランド保護,,弁理士の独占代理業務として、最も不適切と考えられるものはどれか。,商標登録出願,特許異議の申立て,特許原簿への登録の申請手続,特許の有効性に関する鑑定,ウ,弁理士法6条。特許原簿への登録の申請手続は弁理士の独占業務ではない。特許の有効性に関する鑑定は誰でも行える。商標登録出願・特許異議は独占業務であるため。
第51回 学科,4-1 ブランド保護,,商標権の効力に関して、最も適切と考えられるものはどれか。,役務の提供の用に供する物を普通に用いられる方法で表示する商標にも及ぶ。,登録商標に類似する商標を使用する権利を専有する。,普通名称化した場合、効力が制限されることがある。,試験目的であれば許諾なく使用できる。,ア,商標法25条。商標権の効力は、役務の提供の用に供する物に商標を付する行為にも及ぶ。普通名称化した場合は効力が制限されることがあるため。
第51回 学科,4-3 コンテンツ保護,,著作権法上の引用に関して、最も不適切と考えられるものはどれか。,未公表の著作物を引用して利用することはできない。,営利目的の場合は引用して利用することはできない。,出所を明示しないと罰則がある場合がある。,翻訳して利用することができる。,ウ,著作権法32条。引用は出所を明示しなければならない。出所不明示は民事上の問題であり、罰則は著作権法119条等に限定される。翻訳しての引用は可能であるため。
第51回 学科,4-1 ブランド保護,,パリ条約の特許出願の優先期間として、最も適切と考えられるものはどれか。,6ヶ月,12ヶ月,18ヶ月,24ヶ月,イ,パリ条約4条C(1)。発明（特許・実用新案）の優先期間は12ヶ月である。意匠・商標は6ヶ月であるため。
第51回 学科,5-1 契約,,独占禁止法における特許ライセンス契約等に関して、最も適切と考えられるものはどれか。,競合会社が参加できない共同開発契約は問題になることはない。,販売価格を制限することは不公正な取引方法として問題がある。,改良発明の権利を帰属させる義務を課すことは問題はない。,権利消滅後の使用制限は問題はない。,エ,独占禁止法21条。権利の行使は適用除外となるが、権利消滅後の使用制限は私的独占の禁止等に触れる場合がある。販売価格制限・改良発明の帰属義務も問題となり得るため。
第51回 学科,4-2 技術保護,,特許無効審判に関して、最も適切と考えられるものはどれか。,利害関係人には特許を受ける権利を有する者も含まれる。,特許権の消滅後は請求することができない。,審決取消訴訟は謄本発送日から30日以内に提起できる。,無効審決が確定すると特許権は遡って消滅する。,ウ,特許法123条、178条。無効審決が確定すると特許権は初めから存在しなかったものとみなされる。審決取消訴訟は謄本送達から30日以内。消滅後も無効審判は請求可能であるため。
第51回 学科,4-2 技術保護,,特許出願に係る手続に関して、最も適切と考えられるものはどれか。,明細書の一部が欠けていても補完できる場合はない。,共有の場合は共同で出願する必要がある。,方式審査及び実体審査は出願審査請求を待って行われる。,氏名記載がない場合でも補完すれば提出日が出願日となる。,イ,特許法38条。特許権の共有者は共同して出願する必要がある。明細書の一部欠けは補完できる場合がある。方式・実体審査は出願審査請求がなくても方式審査等は行われるため。
第51回 学科,5-2 エンフォースメント,,著作権法上の登録に関して、最も適切と考えられるものはどれか。,無名・変名の著作者は実名の登録を受けることができる。,侵害訴訟提起には登録が必要である。,映画の著作者は創作年月日の登録を受けることができる。,利用許諾契約は登録しなければ効力を生じない。,ア,著作権法75条。無名・変名の著作者は実名の登録を受けることができる。侵害訴訟の提起に登録は不要。利用許諾は登録が対抗要件であるため。
第51回 学科,4-4 デザイン保護,,意匠登録を受けられる可能性が高い意匠として、最も適切と考えられるものはどれか。,機能を確保するために不可欠な形状のみからなる意匠,出願前に公然知られた形状に基づく容易創作意匠,公知日から1年を超えた意匠,後願に係る他人の登録意匠に類似する意匠,エ,意匠法3条2項。機能のみの形状・公然知られた形状の容易創作・公知から1年超の意匠は登録不可。後願の他人登録意匠に類似する意匠は登録可能である場合があるため。
第51回 学科,5-2 エンフォースメント,,特許権の行使に関して、最も不適切と考えられるものはどれか。,知らないで実施している者にも警告が必要。,販売開始前でも差止請求が可能。,市場調査目的の試験販売は差止請求が可能。,信用回復措置を請求することができる。,イ,特許法103条。知らないで実施している者に対する差止請求に警告は不要である。実用新案権者は評価書提示が要件。秘密意匠は警告後でなければ差止不可であるため。
第51回 学科,2-1 法務,,法律行為と意思表示に関して、最も適切と考えられるものはどれか。,公序良俗に反する行為は取り消すことができる。,錯誤による意思表示は善意無過失の第三者に対抗できない。,錯誤による意思表示は重要なものであるときは無効である。,虚偽の意思表示は取り消すことができる場合がある。,イ,民法96条、110条。錯誤による取消しは善意無過失の第三者に対抗できない。錯誤は無効ではなく取消しの対象。虚偽表示は取り消し得る場合があるため。
第51回 学科,4-1 ブランド保護,,商標権の更新登録に関して、最も不適切と考えられるものはどれか。,使用していない場合でも更新できる。,専用使用権者は商標権者の同意を得て更新申請できる。,何度でも更新することができる。,満了前6ヶ月から満了日までの間に行える。,エ,商標法19条、20条。更新は満了前6ヶ月から満了日までに申請する。使用していなくても更新は可能。専用使用権者の更新申請には商標権者の同意が必要であるため。
第51回 学科,4-3 コンテンツ保護,,著作隣接権の保護期間に関して、最も不適切と考えられるものはどれか。,実演は実演の翌年から70年。,放送は放送の翌年から70年。,レコードは発行の翌年から70年。,有線放送は有線放送の翌年から50年。,ア,著作権法101条。実演の保護期間は実演の行われた年の翌年から70年（101条1項）。レコード・放送等も同様に70年。有線放送は50年であるため。
第51回 学科,3-1 調査,,PCT国際調査に関して、最も不適切と考えられるものはどれか。,審査請求がされた出願について行われる。,国際調査報告は出願人に送付される。,出願人は1回に限り補正できる。,先行技術を発見することを目的とする。,イ,PCT第15条。国際調査は国際出願について行い、審査請求の有無にかかわらず行われる。出願人は国際調査報告受領後1回補正できる。先行技術を発見することを目的とするため。
第51回 学科,4-2 技術保護,,職務発明に関して、最も適切と考えられるものはどれか。,相当の利益は金銭に限られる。,使用者が特許権を取得した場合、使用者が発明者となる。,使用者は従業者の同意なく第三者に通常実施権を許諾できない。,通常実施権を取得した場合でも対価を請求できない。,ア,特許法35条4項。相当の利益は金銭に限られず、ストックオプション等も含む。発明者は使用者が権利を承継しても発明者として残る。通常実施権者も対価を請求できる場合があるため。
第51回 学科,4-2 技術保護,,特許出願手続に関して、最も適切と考えられるものはどれか。,新規性喪失の例外は6ヶ月以内に出願が必要。,明細書を添付せずに出願できる場合はない。,補正が認められた場合、出願時に遡って効力を生ずる。,査定送達前はいつでも補正できる。,エ,特許法17条の2、30条。新規性喪失の例外は1年（旧6ヶ月）以内に出願等が必要。補正は原則として遡及効はない。査定送達前は一定の補正が可能であるため。
第51回 学科,2-1 法務,,IPランドスケープに関して、最も適切と考えられるものはどれか。,研究開発を成功させるための積極的な業務である。,資金調達のための自社技術の見える化は含まれない。,経営戦略立案に生かす業務である。,新規事業の提案は含まれない。,イ,IPランドスケープは技術・知財・ビジネス情報を可視化する業務であり、資金調達のための技術見える化も含まれる。研究開発成功・経営戦略・新規事業提案にも活用されるため。
第51回 学科,5-1 契約,,著作権に関して、最も不適切と考えられるものはどれか。,譲渡権,公衆送信権,上映権,展示権,ウ,著作権法26条の3。上映権は著作権の一種である。映画の著作物には譲渡権の適用がない等の特則はあるが、上映権は享有するため。
第51回 学科,4-1 ブランド保護,,商標登録出願の審査に関して、最も不適切と考えられるものはどれか。,非類似の商品であっても登録を受けられない場合がある。,包装の機能を確保するために不可欠な形状は登録できない。,他人の登録商標に類似していても登録できる場合がある。,著名な芸名は承諾があっても登録できない。,ウ,商標法4条1項19号等。他人の登録商標に類似していても、非類似商品であれば登録できる場合がある。著名な芸名は承諾があれば登録可能な場合があるため。
第51回 学科,3-1 調査,,特許調査の目的に関して、最も不適切と考えられるものはどれか。,新たな研究開発テーマ選定の手掛かり。,技術トレンドや競合動向の把握。,無駄な開発投資を防ぐ。,特許されるか否かを正確に判断する。,ウ,特許調査の目的は、開発テーマ選定・技術トレンド把握・投資回避等である。特許されるか否かは審査官が判断するため、調査で正確に判断することは目的として不適切であるため。
第51回 学科,4-4 デザイン保護,,意匠登録出願に関して、最も不適切と考えられるものはどれか。,登録意匠の範囲は願書等の記載に基づく。,判定を求めることができる。,図面に代えて写真を提出できる。,業として実施する権利を専有する。,イ,意匠法2条、24条。登録意匠の範囲は願書の記載に基づく。図面に代えて写真の提出は可能。判定を求めることは審査・審判の制度ではないため。
第51回 学科,5-2 エンフォースメント,,不正競争行為に関して、最も適切と考えられるものはどれか。,客観的真実を告知する行為は該当する。,知らなかった場合の営業秘密の使用は常に該当する。,ドメイン名の不正使用は該当する。,誤認させるような表示は該当しない。,イ,不正競争防止法2条1項。営業秘密の不正取得・使用等は、知らなかった場合でも故意・過失があれば損害賠償の対象となり得る。常に該当するとは限らないため。
第51回 学科,5-2 エンフォースメント,,特許権の侵害に関して、最も適切と考えられるものはどれか。,輸出のために所持する行為は該当しない。,特許権を取得した上で生産する行為は該当しない。,試験研究のための生産は該当しない。,生産にのみ用いる物の譲渡は該当しない。,ウ,特許法69条。試験又は研究のために特許発明を実施する行為は特許権の効力が及ばない。輸出のための所持・生産にのみ用いる物の譲渡は間接侵害に該当し得るため。
第51回 学科,4-2 技術保護,,拒絶査定不服審判等に関して、最も適切と考えられるものはどれか。,出願人以外は訴えを提起できない。,審決を待たずに訴えを提起できる。,14日経過後は審判請求できない。,管轄は東京高裁か大阪高裁である。,イ,特許法178条。審決取消訴訟は審決が確定した後でなければ提起できない。請求人は出願人に限られない。審判請求は拒絶謄本送達から3ヶ月以内。管轄は東京高裁であるため。
第51回 学科,5-2 エンフォースメント,,独占戦略に関して、最も不適切と考えられるものはどれか。,代替技術の開発を加速させるおそれがある。,侵害品の監視が必要となる。,速やかに市場を拡大させることができる。,協力関係を構築しにくくなる。,エ,独占戦略は市場拡大を速やかにできる利点がある。代替技術の加速・侵害監視・協力関係の困難はデメリットである。最も不適切なのはエであるため。
第51回 学科,4-1 ブランド保護,,商標法の審判等に関して、最も適切と考えられるものはどれか。,3年以上不使用の場合、何人も不使用取消審判を請求できる。,慣用商標の場合、6ヶ月以内に異議申立てできる。,不正使用の場合、利害関係人のみ請求できる。,無効理由がある場合、何人も請求できる。,ウ,商標法50条、56条。不正使用取消審判は利害関係人のみが請求できる。不使用取消は何人も。異議申立ては2ヶ月。無効は何人も請求できるため。
第51回 学科,5-1 契約,,職務著作の要件として、最も不適切と考えられるものはどれか。,業務に従事する者が作成。,使用者の発意に基づく。,契約等に別段の定めがない。,従業者に相当の利益を与える。,エ,著作権法15条。職務著作の要件は、法人等の業務に従事する者の作成・使用者の発意・契約等に別段の定めがないことである。相当の利益を与えることは要件ではないため。
第51回 学科,5-1 契約,,品種登録に関して、最も不適切と考えられるものはどれか。,既存品種に依拠していないことは要件ではない。,複数の名称を付けて出願できる。,遅滞なく出願公表が行われる。,10ヶ月前に譲渡されていても登録できる場合がある。,イ,種苗法8条等。品種登録には単一の名称を付けて出願する。複数の名称を付けることはできない。依拠していないこと・出願公表・譲渡時期は規定のとおりであるため。
第51回 学科,5-2 エンフォースメント,,侵害に関して、最も適切と考えられるものはどれか。,共同著作権者は他者の同意なく差止請求できない。,レコード製作者は名誉回復措置を請求できる。,法人は罰則の対象とならない。,輸入行為は侵害とみなされる。,エ,著作権法112条、118条。輸入行為は侵害とみなされる（113条）。法人も罰則の対象となり得る。共同著作権者は単独で差止請求できる。レコード製作者は名誉回復措置を請求できるため。
第51回 学科,5-1 契約,,意匠権等に関して、最も不適切と考えられるものはどれか。,製造する行為は実施に含まれる。,特許権と抵触しても実施は制限されない。,類否は需要者の視覚に基づいて判断する。,先使用権が認められることがある。,イ,意匠法21条、26条。意匠権の実施は、特許権と抵触する場合には特許権者の許諾が必要となる。製造する行為は実施に含まれる。類否は需要者の視覚で判断するため。
第51回 学科,4-2 技術保護,,拒絶査定不服審判の争点として、最も不適切と考えられるものはどれか。,発明者が最初に完成したか。,進歩性を有するか。,公序良俗違反か。,単一性を満たすか。,ア,特許法71条。拒絶査定不服審判で争うのは進歩性・新規性・単一性等である。発明者が最初に完成したかは先願主義の下では審査の争点とならないため。
第51回 学科,4-3 コンテンツ保護,,著作者人格権に関して、最も不適切と考えられるものはどれか。,公表権を有する。,題号も同一性保持権の対象となる。,氏名表示権を有する。,相続することはできない。,エ,著作権法59条。著作者人格権は一身専属権であり、相続されない。公表権・氏名表示権・同一性保持権（題号含む）は著作者人格権であるため。
第51回 実技,4-2 技術保護,ドローンメーカーX社の開発者甲はドローンAを発明した。【請求項1】発光装置a+制御装置b。【請求項2】発光装置a+制御装置b+無線通信装置c。先行調査で発光装置は文献Bに記載。,請求項1及び2は、発明の単一性の要件を満たしている場合は「○」、満たしていない場合は「×」を選びなさい。,○,×,-,-,○,特許法37条。請求項1と2は共通の特別な技術的特徴（発光装置aと制御装置bの結合）を有し、請求項2は請求項1に無線通信装置cを付加したもので単一性を満たすため。
第51回 実技,2-1 法務,ドローンメーカーX社の開発者甲はドローンAを発明した。【請求項1】発光装置a+制御装置b。【請求項2】発光装置a+制御装置b+無線通信装置c。先行調査で発光装置は文献Bに記載。,問1の判断理由として最も適切なものを選びなさい。,同一の特別な技術的特徴を有しており、単一性を満たすため,同一の特別な技術的特徴を有しておらず、単一性を満たしていないため,作用効果が相違しており、単一性を満たしていないため,-,ア,両請求項は同一の特別な技術的特徴（a+b）を有しており、単一性の要件（37条）を満たす。作用効果の相違は単一性の判断を妨げないため。
第51回 実技,4-2 技術保護,ドローンメーカーX社の開発者甲はドローンAを発明した。【請求項1】発光装置a+制御装置b。【請求項2】発光装置a+制御装置b+無線通信装置c。先行調査で発光装置は文献Bに記載。,文献Bを明細書に記載する必要がある場合は「○」、ない場合は「×」を選びなさい。,○,×,-,-,○,特許法36条4項2号。特許出願の明細書には、発明の詳細な説明に、公知文献で記載された技術の所在を記載しなければならない場合がある。文献Bは記載要件に含まれるため。
第51回 実技,4-2 技術保護,ドローンメーカーX社の開発者甲はドローンAを発明した。【請求項1】発光装置a+制御装置b。【請求項2】発光装置a+制御装置b+無線通信装置c。先行調査で発光装置は文献Bに記載。,問3の判断理由として最も適切なものを選びなさい。,記載要件として求められているため,特許文献以外は任意であるため,求められていないため,-,ア,特許法36条4項。公知文献の所在の記載は、発明の詳細な説明の記載要件として求められている。特許文献以外でも、引用する文献は記載が必要となるため。
第51回 実技,4-1 ブランド保護,飲料メーカーX社は登録商標「アオゾラ」（清涼飲料）を有している。「アオゾラ」は標準文字。発言：「標章『AOZORA』を付した清涼飲料を販売している場合、不使用取消審判を請求されたら取り消されます。」,この発言について、適切なら「○」、不適切なら「×」を選びなさい。,○,×,-,-,×,商標法50条、判例。ローマ字「AOZORA」と平仮名「アオゾラ」は社会通念上同一の商標と認められる場合があり、使用は登録商標の使用に当たる。不使用取消にはならないため。
第51回 実技,4-1 ブランド保護,飲料メーカーX社は登録商標「アオゾラ」（清涼飲料）を有している。「アオゾラ」は標準文字。発言：「標章『AOZORA』を付した清涼飲料を販売している場合、不使用取消審判を請求されたら取り消されます。」,問5の判断理由として最も適切なものを選びなさい。,登録商標と同一ではないため,社会通念上同一の商標であるため,禁止権の範囲内であるため,誤認混同が生じるため,イ,登録商標「アオゾラ」と標章「AOZORA」は社会通念上同一の商標と認められ、指定商品である清涼飲料への使用は商標権の使用に当たる。不使用取消審判では取り消されないため。
第51回 実技,4-1 ブランド保護,X社部員の発言：「『アオゾラ』が有名になりつつあるので、すべての清涼飲料に商標登録表示をしましょう。」,この発言について、適切なら「○」、不適切なら「×」を選びなさい。,○,×,-,-,×,商標法51条。すべての指定商品に商標登録表示を付すと、表示が事実に反する場合に普通名称化を招き、不使用取消の対象となり得る。取り消されるおそれがあるため。
第51回 実技,2-1 法務,X社部員の発言：「『アオゾラ』が有名になりつつあるので、すべての清涼飲料に商標登録表示をしましょう。」,問7の判断理由として最も適切なものを選びなさい。,更新できないため,取り消されるため,普通名称化を防ぐため,機能に影響はないため,イ,指定商品の全部に登録表示を付すと、実際に使用していない指定商品についての表示となり、不使用取消審判で取り消される根拠となり得る。普通名称化とは別の観点であるため。
第51回 実技,4-3 コンテンツ保護,CM制作会社X社は、会議用にイラストAを複製した資料を人数分印刷したい。発言：「会議用であり著作権の制限規定が働くので、許諾を得る必要はありません。」,この発言について、適切なら「○」、不適切なら「×」を選びなさい。,○,×,-,-,×,著作権法30条。会議用の複製は「検討の過程」における利用に該当せず、私的使用（30条1号）の範囲を超える場合がある。制限規定が働くとはいえないため。
第51回 実技,4-3 コンテンツ保護,CM制作会社X社は、会議用にイラストAを複製した資料を人数分印刷したい。発言：「会議用であり著作権の制限規定が働くので、許諾を得る必要はありません。」,問9の判断理由として最も適切なものを選びなさい。,私的使用にあたるため,検討の過程における利用であるため,制限規定が適用されないため,-,ア,会議用の人数分複製は、私的使用の範囲を超え、著作権法の制限規定（30条等）の適用されない場合がある。検討の過程における利用に該当しないため。
第51回 実技,5-1 契約,発言：「許諾を得てCMに利用する場合、CM用に自由に改変して新たな絵柄を作成することについて、著作者の同意を得なくても問題ありませんよね。」,この発言について、適切なら「○」、不適切なら「×」を選びなさい。,○,×,-,-,×,著作権法20条。許諾を得て複製・翻案しても、改変して新たな絵柄を作成することは同一性保持権に触れる。著作者の同意が必要であるため。
第51回 実技,5-2 エンフォースメント,発言：「許諾を得てCMに利用する場合、CM用に自由に改変して新たな絵柄を作成することについて、著作者の同意を得なくても問題ありませんよね。」,問11の判断理由として最も適切なものを選びなさい。,著作権は発生しないため,同一性保持権を侵害するため,複製権を侵害するため,-,ウ,CM用に自由に改変することは、著作権法20条の同一性保持権の侵害に当たる。複製権の侵害とは別に、改変には著作者の同意が必要であるため。
第51回 実技,4-1 ブランド保護,,創業者の氏名を用いた商標出願。適切と考えられるもの。,他人の承諾が必要。,創業者の氏名なら承諾なく登録できる場合がある。,相当の関連性があれば承諾不要。,ありふれた氏名は登録されない。,ウ,商標法4条1項8号。ありふれた氏名は承諾を得ても登録できない場合がある。創業者の氏名で相当の関連性があれば、承諾がなくても登録できる場合があるため。
第51回 実技,5-2 エンフォースメント,,特許製品の転売等。適切と考えられるもの。,転売先に警告する。,製造販売元に警告する。,警告書送付後の損害賠償が可能。,利用発明だから実施できる。,エ,特許法69条。利用発明（従属発明）を実施するには、基本特許の実施許諾が必要である。転売先への警告・製造元への警告・警告後の損害賠償は別論であるため。
第51回 実技,4-2 技術保護,,拒絶理由通知対応。不適切と考えられるもの。,具体例を追加する補正。,分割出願。,面接審査。,最後の拒絶理由通知の制限。,イ,特許法17条の2。最後の拒絶理由通知後は補正が厳しく制限され、分割出願・面接審査・意見書のみ提出は可能である。具体例追加の補正は新規事項となり得るため。
第51回 実技,5-1 契約,,無許諾演奏の要件。不適切と考えられるもの。,料金を受けない。,営利を目的としない。,補償金を支払う。,報酬が支払われない。,ア,著作権法38条。無許諾演奏は、営利を目的とせず、聴衆から料金を受けず、実演家に報酬が支払われない場合等に限り許容される。補償金を支払うことは要件ではないため。
第51回 実技,5-2 エンフォースメント,,侵害対応。適切と考えられるもの。,過失の立証責任は原告にある。,利益額を損害額と推定できない。,廃棄を請求する。,刑事罰の適用はない。,イ,特許法105条の2。損害賠償請求において、侵害者の利益の額は権利者の損害額と推定される。過失の立証責任は原告にある。廃棄請求・刑事罰は別規定であるため。
第51回 実技,4-2 技術保護,,新規性喪失の例外。不適切と考えられるもの。,同一ではないため適用を受けても登録できない。,30日以内に証明書を提出。,出願と同時に書面提出。,1年以内に出願。,エ,特許法30条。新規性喪失の例外は、公知日から1年以内に出願し、所定の書面を30日以内に提出する等の要件がある。同一でない発明は例外の適用を受けても登録できないわけではないため。
第51回 実技,5-2 エンフォースメント,,特許権譲渡契約。適切と考えられるもの。,軽微でも解除できる。,対価不払なら移転登録拒絶できる。,解除により損害賠償請求できない。,催告なしに解除できる。,ウ,特許権譲渡契約の解除により、債務不履行に基づく損害賠償請求は可能である。解除は催告後に履行がない場合等に認められる。軽微な違反では解除できない場合があるため。
第51回 実技,5-1 契約,,社内会議での発言。不適切と考えられるもの。,ライセンスで市場拡大。,独占実施で参入防止。,クロスライセンスは自由度を高めない。,IPランドスケープで慎重に検討。,イ,クロスライセンスは相互に実施許諾するため、自由度を高める効果がある。独占実施で参入防止・IPランドスケープの検討は適切。不適切なのは「自由度を高めない」とする発言であるため。
第51回 実技,5-2 エンフォースメント,,侵害予防。適切と考えられるもの。,9年10ヶ月経過なら待てばよい。,特許済みのみ調査すればよい。,外為法の許可申請は不要。,自社特許があれば侵害しない。,ア,特許権の存続期間は登録から20年である。9年10ヶ月経過後は残存期間が約10年あり、侵害品の製造を待てば権利消尽後にあたり侵害請求が難しくなる。待つ判断は状況により適切であるため。
第51回 実技,5-2 エンフォースメント,,無断配信に対する権利。適切と考えられるもの。,公表権,同一性保持権,録音・録画権,譲渡権,ウ,著作権法91条の2、96条。無断で実演を配信した場合、実演家は録音・録画権（91条の2）に基づき差止・損害賠償を請求できる。公表権・同一性保持権・譲渡権は別の権利であるため。
第51回 実技,5-2 エンフォースメント,,形態模倣への対応。不適切と考えられるもの。,出願なしでも差止めできる場合がある。,商標登録を検討。,著作権保護を検討。,特許保護を検討。,エ,形態模倣への対応として、特許・意匠・商標・著作権のいずれも検討対象となり得る。特許保護の検討は不適切ではなく、出願なしで差止めできるのは不競法のデッドコピー等であるため。
第51回 実技,4-4 デザイン保護,,形態模倣（不正競争）。適切と考えられるもの。,偶然似た場合は排除できない。,5年後のデッドコピーは排除できる。,意匠法と不競法で排除可能。,刑事措置はとれない。,ウ,不正競争防止法2条1項3号。意匠法の存続期間（25年）経過後も、不競法の3号（デッドコピー）により5年間は排除できる場合がある。意匠法と不競法の両方で保護され得るため。
第51回 実技,4-2 技術保護,,新規性喪失。適切と考えられるもの。,HP発表と同日出願なら喪失しない。,海外展示会なら喪失しない。,予稿集公開でも発表前なら喪失しない。,秘密保持契約下なら喪失しない。,ア,特許法30条1項。意に反して公知となった場合、公知日から1年以内に出願すれば新規性喪失の例外の適用を受け得る。同日出願なら喪失しない。海外展示会・予稿集・秘密保持は別要件であるため。
第51回 実技,5-1 契約,,品種登録要件。不適切と考えられるもの。,特性の安定性確認。,容易に品種改良できなかったこと。,公知品種と区別できること。,試験販売の時期確認。,ア,種苗法3条等。品種登録要件には、特性の安定性・未譲渡性・区別性等がある。容易に品種改良できなかったこと（均一性・安定性の観点）は要件である。試験販売の時期確認は要件ではないため。
第51回 実技,3-1 調査,,他社特許発見時の対応。不適切と考えられるもの。,均等論なども考慮。,先使用権を確認。,無効調査を行う。,ライセンス交渉を検討。,ウ,他社特許発見時は、均等論・先使用権・無効調査・ライセンス交渉を検討する。ライセンス交渉を検討することは不適切ではなく、無効調査のみに頼るのは不適切であるため。
第51回 実技,4-1 ブランド保護,,商標登録対象。不適切と考えられるもの。,立体人形,変化する文字・図形,起動音,料理の味,ウ,商標法2条1項。商標は文字・図形・記号等からなる。音（起動音）は商標法上、音商標として登録の対象となる。料理の味は視覚的でないため登録対象外であるため。
第51回 実技,5-1 契約,,著作物の利用。適切と考えられるもの。,応募者の許諾不要。,被写体の承諾必要。,オブジェの複製に該当。,BGMの映り込みは許諾不要。,エ,著作権法30条、38条。BGMが写り込んだ場合、主たる被写体の撮影に付随する軽微な利用として許諾不要とされる場合がある。被写体の承諾・オブジェの複製は別問題であるため。
第51回 実技,5-1 契約,,共同開発。不適切と考えられるもの。,改良についても検討。,単独で特許取得できない。,IPランドスケープで検討。,同意なくライセンスできない。,イ,共同開発において、改良発明についても契約で帰属等を定めることが重要である。単独で特許取得できないわけではない。同意なくライセンスできないのは正しい。不適切なのはイであるため。
第51回 実技,4-4 デザイン保護,,意匠権の効力。適切と考えられるもの。,専用実施権設定でも実施制限される。,類否は当業者の視覚で判断。,試験販売には及ばない。,物品非類似でも及ぶ場合がある。,ア,意匠法23条、26条。専用実施権を設定しても、設定者は自己でも実施する権利を有するが、専用実施権の範囲内では実施が制限される。類否は需要者の視覚で判断するため。
第51回 実技,3-1 調査,,特許情報検索。不適切と考えられるもの。,コード検索は漏れが少ない。,J-PlatPatでIPC検索可能。,FIとFタームは日本独自。,出願書類作成後に調査すると完全。,エ,特許調査は出願前・開発中・書類作成後いずれの段階でも行う。書類作成後に調査しても完全な漏れなく把握できるわけではない。FI・Fタームは日本独自であるため。
第51回 実技,5-1 契約,,育成者権。不適切と考えられるもの。,譲渡後の利用には及ばない場合がある。,特許法でも保護される可能性がある。,自家増殖にも及ぶ。,存続期間は30年。,イ,種苗法20条。育成者権は譲渡された種苗の利用に及ぶ場合がある。存続期間は原則25年（木本は30年）。特許法でも保護される場合がある。自家増殖には及ぶため。
第51回 実技,4-2 技術保護,,特許料計算：5請求項、8年分一括。,-,-,-,-,17400,特許法107条、別表第一。特許料は請求項数・年数に応じて定まる。5請求項・8年分一括の計算に基づき17400円となるため。
第51回 実技,2-1 法務,,TRIPS協定,-,-,-,-,キ,TRIPS協定は知的所有権の貿易関連の側面に関する協定であり、WTOの一括受諾協定である。正答はキであるため。
第51回 実技,4-1 ブランド保護,,マドリッド協定議定書,-,-,-,-,エ,マドリッド協定議定書は商標の国際登録に関する条約である。正答はエであるため。
第51回 実技,4-4 デザイン保護,,ハーグ協定,-,-,-,-,カ,ハーグ協定は意匠の国際登録に関する条約である。正答はカであるため。
第51回 実技,5-1 契約,,映画の著作権帰属（委託）。,-,-,-,-,ア,著作権法29条。映画の著作物について、著作者が製作者に参加を約束した場合、著作権は製作者に帰属する。委託の場合は契約と実態に応じて判断されるため。
第51回 実技,4-3 コンテンツ保護,,映画の著作者。,-,-,-,-,エ,著作権法16条。映画の著作者は、製作に発意と責任を有する者である。監督・撮影・美術等が該当する。正答はエであるため。
第51回 実技,5-1 契約,,漫画の許諾。,-,-,-,-,ク,漫画の利用許諾は、複製・翻案・頒布等の利用態様に応じて許諾を得る必要がある。正答はクであるため。
第50回 学科,4-3 コンテンツ保護,,著作権等に関して、最も適切と考えられるものはどれか。,©マーク表示が必要な場合がある。,実演家の権利行使は制限されない。,映画製作者に参加を約束した著作者の著作権は製作者に帰属する。,共同著作物は分離利用できる。,ウ,著作権法29条。映画製作者に参加を約束した著作者の著作権は、その映画の著作物について製作者に帰属する。共同著作物は分離して利用できない場合があるため。
第50回 学科,4-2 技術保護,,パリ条約の原則に関して、最も適切と考えられるものはどれか。,国際出願の原則,特許独立の原則,無方式主義の原則,最恵国待遇の原則,イ,パリ条約4条の2。特許独立の原則は、各国で特許の付与・無効は独立して判断されることを意味する。国際出願の原則・無方式主義・最恵国待遇は別の原則であるため。
第50回 学科,4-1 ブランド保護,,商標権の更新に関して、最も適切と考えられるものはどれか。,商標権者でなければ申請できない。,登録料は分納できる。,満了前3ヶ月から申請。,改めて出願する。,ウ,商標法20条。商標権の更新登録の申請は、満了前6ヶ月から満了日までにすることができる。満了前3ヶ月からは誤り。登録料は分納可能。商標権者でなければ申請できないため。
第50回 学科,4-3 コンテンツ保護,,著作物に関して、最も適切と考えられるものはどれか。,物に固定されていなくても映画の著作物として保護される。,地図は保護されない。,写真の製作方法に類似する方法を含む。,WIPOに登録が必要。,ア,著作権法2条3項。映画の著作物は、物に固定されていなくても、連続した影像が映写できるものは保護される。地図・写真・WIPO登録は誤りであるため。
第50回 学科,4-2 技術保護,,特許権の存続期間に関して、最も適切と考えられるものはどれか。,医薬品等は3年延長できる。,国内優先権主張の場合は出願日から20年。,審査請求から3年経過で延長できる。,末日が休日の場合は延長される。,イ,特許法67条2項。国内優先権を主張した出願に基づく特許権の存続期間は、先の出願の日から20年とする。医薬品等は延長制度あり。審査請求から3年経過での延長はないため。
第50回 学科,5-2 エンフォースメント,,特許権の侵害に関して、最も不適切と考えられるものはどれか。,購入品の転売は侵害にならない。,故意過失を立証しなければならない。,試験販売は侵害となる。,譲渡のための所持は間接侵害となる。,イ,特許法104条。損害賠償請求において、故意・過失の立証責任は原告（権利者）が負う。購入品の転売は権利消尽で侵害にならない場合がある。試験販売・譲渡のための所持は規定のとおりであるため。
第50回 学科,4-2 技術保護,,意匠権に関して、最も適切と考えられるものはどれか。,特許権と併存することがある。,出願前の準備行為には及ばない。,類似範囲が重なっても実施制限されない。,存続期間は25年で延長できる。,ア,意匠法26条、29条。意匠権と特許権は同一の物品について併存することがある。出願前の準備行為には及ばない。類似範囲が重なれば実施は制限される。存続は20年で延長制度ありであるため。
第50回 学科,4-2 技術保護,,特許無効審判に関して、最も不適切と考えられるものはどれか。,法人は請求人になれる。,利害関係ない自然人も請求できる。,請求項毎に請求できる。,審決取消訴訟は30日以内。,イ,特許法123条、178条。無効審判の請求は利害関係人に限られ、利害関係のない自然人は請求できない。法人は利害関係があれば請求可能。審決取消訴訟は30日以内であるため。
第50回 学科,3-1 調査,,警告を受けた際の検討事項に関して、最も適切と考えられるものはどれか。,判定請求できない。,20年経過なら侵害しない。,先使用権が認められることがある。,J-PlatPatで確認する。,ウ,警告受領時は、先使用権（特許法79条）の成立の有無を検討することが適切である。判定請求は可能。20年経過は存続期間満了。J-PlatPatでの確認も有効であるため。
第50回 学科,5-2 エンフォースメント,,著作権等に関して、最も不適切と考えられるものはどれか。,実演家人格権は譲渡できる。,著作隣接権は譲渡できる。,複数に許諾できる。,共同著作権者は単独で差止請求できる。,ア,著作権法27条の2、101条の2。実演家人格権は一身専属で譲渡できない。著作隣接権は譲渡可能。共同著作権者は単独で差止請求できる。不適切なのはアであるため。
第50回 学科,5-2 エンフォースメント,,特許戦略等に関して、最も適切と考えられるものはどれか。,矛盾する主張をしてもよい。,類似製品市場全体に及ぶ。,構成要件が異なれば免れる場合がある。,方法特許は使用行為のみに及ぶ。,ウ,特許権の技術的範囲は請求項に基づいて定まる。構成要件が異なれば侵害を免れる場合がある。矛盾する主張は許されない。方法特許は使用・譲渡等にも及ぶため。
第50回 学科,5-1 契約,,職務発明に関して、最も適切と考えられるものはどれか。,予約承継なら出願と同時に移転する。,相当の利益を得られる。,社長の発明は該当しない。,定款記載業務に限られる。,イ,特許法35条。職務発明について、従業者は相当の利益を受ける権利を契約等で定めることができる。予約承継・社長の発明・定款記載の有無は別論であるため。
第50回 学科,3-1 調査,,先行技術調査の必要性に関して、最も不適切と考えられるものはどれか。,拒絶理由を未然に防げる。,情報開示義務を果たせる。,紛争を回避できる。,特許されるか正確に判断できる。,エ,先行技術調査は、拒絶理由の未然防止・情報開示義務の履行・紛争回避に有効である。特許されるか否かは審査官が最終的に判断するため、正確に判断できるとは限らないため。
第50回 学科,4-4 デザイン保護,,拒絶理由通知対応。最も不適切と考えられるものはどれか。,分割出願する。,意匠へ変更する。,必ず意見書を提出しなければならない。,意見書のみ提出する。,ウ,拒絶理由通知への対応として、意見書の提出は任意である。必ず提出しなければならないわけではない。分割出願・意匠への変更・意見書のみ提出は可能であるため。
第50回 学科,4-2 技術保護,,弁理士業務。最も適切と考えられるものはどれか。,刑事罰はない。,単独で訴訟代理人になれる。,相手方の代理ができる。,特許料納付は誰でもできる。,エ,弁理士法75条。特許料の納付手続は、弁理士でなくても行うことができる。審決取消訴訟の訴訟代理人は弁理士・弁護士に限られる。刑事罰・相手方の代理の制限は別規定であるため。
第50回 学科,5-1 契約,,実施権に関して、最も適切と考えられるものはどれか。,登録しなければ対抗できない。,期間限定できる。,共有者は単独で許諾できる。,特許権者は自ら実施できる。,イ,特許法98条。通常実施権は登録が対抗要件である。期間の制限を付して許諾することは可能。共有者は全員の同意がなければ許諾できない。特許権者は自ら実施できるため。
第50回 学科,4-1 ブランド保護,,異議申立て等。最も適切と考えられるものはどれか。,慣用商標は利害関係人のみ。,不正使用は利害関係人のみ。,不使用は何人も。,無効は何人も。,ウ,商標法56条、58条。不使用取消審判は何人も請求できる。慣用商標の異議申立ては2ヶ月。不正使用取消は利害関係人のみ。無効審判は何人も請求できるため。
第50回 学科,5-1 契約,,職務著作。最も不適切と考えられるものはどれか。,プログラムは公表不要。,相当の利益を得られる。,職務上作成。,発意に基づく。,イ,著作権法15条。職務著作の要件に「相当の利益を与える」は含まれない。プログラムの職務著作は公表不要でよい。業務上作成・発意に基づく・契約に別段の定めがないは要件であるため。
第50回 学科,4-2 技術保護,,国内優先権。最も適切と考えられるものはどれか。,意匠からは主張できない。,1年6ヶ月で取下げみなされる。,放棄後は主張できる。,出願公開後は主張できない。,ア,特許法41条。意匠出願から特許出願への出願変更は認められない。国内優先権は意匠からは主張できない。1年6ヶ月の取下げみなし・放棄後の主張・公開後の主張は規定のとおりであるため。
第50回 学科,4-3 コンテンツ保護,,著作権の享有。最も不適切と考えられるものはどれか。,音楽は貸与権。,言語は口述権。,映画は上映権。,プログラムは頒布権。,エ,著作権法26条の3、26条の2。プログラムの著作物には頒布権が認められていない。音楽は貸与権、言語は口述権、映画は上映権を享有する。不適切なのはエであるため。
第50回 学科,4-2 技術保護,,出願書類。最も適切と考えられるものはどれか。,二以上の発明を記載できる。,誰でも実施できるように記載。,目的を記載。,要約書は不要な場合がある。,ア,特許法36条。一の願書で二以上の発明を記載して出願することができる。単一性を満たす必要がある。目的の記載・当業者が実施できる記載は必要。要約書は原則必要であるため。
第50回 学科,5-1 契約,,独禁法。最も適切と考えられるものはどれか。,期間終了後の支払義務。,拒絶すると違反。,販売価格制限。,改良発明の専用実施権義務。,イ,独占禁止法21条、ガイドライン。ライセンス契約において販売価格を制限することは不公正な取引方法に該当する場合がある。期間終了後の支払義務・改良発明の専用実施権義務も問題となり得るため。
第50回 学科,4-1 ブランド保護,,商標権等。最も適切と考えられるものはどれか。,願書記載に基づく。,専用使用権範囲内でも使用できる。,存続期間は10年。,地域団体商標にならない。,ア,商標法25条、32条。商標権の効力の範囲は願書に記載した商標・指定商品に基づく。専用使用権の範囲内では権利者も使用が制限される場合がある。存続は10年で更新可能であるため。
第50回 学科,4-3 コンテンツ保護,,著作物。最も適切と考えられるものはどれか。,3年以内なら保護。,パリ条約。,外国居住者の著作物は保護されない。,法令翻訳は保護されない。,エ,著作権法10条2項。法令・告示・通達は著作権の目的とならない。外国人の著作物は条約等に基づき保護される。3年以内・パリ条約の文言は不正確であるため。
第50回 学科,5-1 契約,,品種登録。最も不適切と考えられるものはどれか。,依拠していないことは要件ではない。,複数の名称。,遅滞なく公表。,10ヶ月前なら登録可。,イ,種苗法8条等。品種登録には単一の名称を付ける。複数の名称を付けて出願することはできない。依拠していないこと・遅滞なく公表・譲渡時期は規定のとおりであるため。
第50回 学科,5-2 エンフォースメント,,売買契約。最も適切と考えられるものはどれか。,引渡しを求めることができる。,損害賠償請求できない。,引渡しを求めることができない。,減額を常に求めることができる。,ウ,民法555条、415条。売買契約において、売主は買主に対し目的物の引渡しを求める権利を有しない（買主が権利を有する）。損害賠償・減額請求は別の規定によるため。
第50回 学科,4-2 技術保護,,情報提供。最も不適切と考えられるものはどれか。,何人でも。,新規事項追加も理由。,情報提供しなければならない。,書類提出に限られる。,ウ,特許法36条の2の2。情報提供は何人でもでき、新規事項を追加する内容も理由となり得る。情報提供は義務ではない。書類の提出に限られないため。
第50回 学科,4-2 技術保護,,先願主義。最も適切と考えられるものはどれか。,同一出願人なら両方。,くじで定める。,最先のみ。,最先に完成した者。,ウ,特許法39条。同一の発明について二以上の特許出願があるときは、最先の出願人のみが特許を受ける。同一出願人でも一発明について一特許。くじ・完成の先後ではないため。
第50回 学科,5-2 エンフォースメント,,侵害と救済。最も不適切と考えられるものはどれか。,予防請求。,みなし侵害。,依拠していなくても侵害。,過失なら刑事罰なし。,ウ,著作権法112条、114条。侵害には故意・過失が必要であり、過失がある場合でも刑事罰が科されるわけではない。予防請求・みなし侵害・依拠不要の侵害は規定のとおりであるため。
第50回 学科,5-2 エンフォースメント,,税関手続。最も適切と考えられるものはどれか。,積戻し命令できない。,認定手続申立て。,特許庁長官に意見。,認定手続を行う。,イ,関税法21条の5。輸入差止めを求めるには、認定手続の申立てを行う。税関長は裁判所の判決等に基づき没収・廃棄等を行う。特許庁長官の意見聴取は規定されているため。
第50回 学科,5-1 契約,,営業秘密。最も適切と考えられるものはどれか。,退職者との契約不要。,失敗事例は保護されない。,表示があれば保護される。,容易に作出できる情報は保護されない。,イ,不正競争防止法2条6項。営業秘密は秘密管理性・有用性・非公知性を満たす必要がある。容易に作出できる情報は非公知性を欠く。退職者との契約・失敗事例・表示の有無は別論であるため。
第50回 学科,5-2 エンフォースメント,,著作者人格権。最も不適切と考えられるものはどれか。,死後も侵害してはならない。,公表権を行使できる。,必要な改変は侵害とならない。,氏名表示権。,イ,著作権法59条、18条の2。著作者人格権は著作者の一身に専属し、行使できない。公表権は行使できる。必要な改変は同一性保持権の侵害とならない。氏名表示権は有するため。
第50回 学科,2-1 法務,,IPランドスケープ情報。最も適切と考えられるものはどれか。,知財情報,技術情報,ビジネス情報,すべて,エ,IPランドスケープは、知財・技術・ビジネス等の情報を可視化したものであり、すべての情報を含み得る。経営判断・M&A・開発方針に活用されるため。
第50回 学科,4-4 デザイン保護,,意匠登録要件。最も適切と考えられるものはどれか。,書面提出なくても登録可。,非類似なら登録可。,混同のおそれがあれば登録不可。,非類似なら登録可。,ウ,意匠法3条1項3号、5条。他人の業務に係る物品と混同を生ずるおそれがある意匠は登録を受けない。混同のおそれがあれば登録不可。非類似なら登録可能な場合があるため。
第50回 学科,4-1 ブランド保護,,識別力。最も不適切と考えられるものはどれか。,ローマ字2字はなし。,使用により有することはない。,産地品質表示はなし。,俗称は含まれない。,エ,商標法3条2項。商標が使用により需要者に商品等の出所を認識させるに至ったときは、識別力があると認められる。俗称が含まれないとするのは誤りであるため。
第50回 学科,4-2 技術保護,,新規性。最も不適切と考えられるものはどれか。,外国公然実施。,外国講演。,出願後公開。,午後出願。,エ,特許法29条。出願前に国内又は国外で公然実施された発明は新規性を喪失する。外国での公然実施・講演・出願後の公開は喪失事由。午後出願は同日であれば新規性を喪失しないため。
第50回 学科,5-1 契約,,著作権。最も不適切と考えられるものはどれか。,有線放送できる。,譲渡権を行使できる。,バックアップ複製。,写り込み利用。,エ,著作権法30条、47条の2。プログラムのバックアップ複製は一定の条件下で許容される。有線放送・譲渡権・写り込みは規定のとおり。不適切なのはエであるため。
第50回 学科,3-1 調査,,PCT。最も不適切と考えられるものはどれか。,すべて予備審査。,1回補正。,送付される。,国際公開される。,イ,PCT第34条。国際予備審査は選択的であり、すべての出願について行われるわけではない。1回の補正・国際調査報告の送付・国際公開は規定のとおりであるため。
第50回 学科,4-3 コンテンツ保護,,存続期間。最も適切と考えられるものはどれか。,実演死後70年。,戦時加算。,構成員が取得。,公表後70年。,エ,著作権法101条、4条。実演・レコード等の保護期間は翌年から70年。戦時加算・公表後70年は著作権の規定。構成員が取得するのは職務著作等であるため。
第50回 学科,4-1 ブランド保護,,商標補正。最も適切と考えられるものはどれか。,類似変更は要旨変更。,遅らせることができる。,分割できない。,却下される。,エ,商標法9条、10条。商標の類似に変更する補正は要旨の変更に当たり認められない。補正の却下・分割の可否・遅延は別規定による。正答はエであるため。
第50回 実技,4-2 技術保護,ゴルフ用品X社の甲は発明Aについて出願Pをした(発売来年)。乙発言1「発売は来年だから早期審査を利用できる。」,発言1について、適切なら「○」、不適切なら「×」を選びなさい。,○,×,-,-,○,特許法48条の2。早期審査は、出願から2年以内に実施又は実施予定がある場合等に利用できる。発売が来年であれば2年以内の実施予定に該当し得るため。
第50回 実技,4-2 技術保護,ゴルフ用品X社の甲は発明Aについて出願Pをした(発売来年)。乙発言1「発売は来年だから早期審査を利用できる。」,問1の判断理由として最も適切なものを選びなさい。,2年以内に実施予定があるため,公開が必要なため,請求順に行われるため,-,ア,早期審査の要件の一つは、出願から2年以内に特許発明を実施する予定があることである。公開の要否・請求順は早期審査の理由ではないため。
第50回 実技,4-2 技術保護,甲は出願Pの後に発明Bを完成。乙発言2「発明AとBは単一性があるので、補正により明細書に追加できる。」,発言2について、適切なら「○」、不適切なら「×」を選びなさい。,○,×,-,-,×,特許法17条の2、36条。出願後に完成した発明Bを補正で明細書に追加することは、新規事項の追加に当たり認められない。単一性があっても補正で追加はできないため。
第50回 実技,4-2 技術保護,甲は出願Pの後に発明Bを完成。乙発言2「発明AとBは単一性があるので、補正により明細書に追加できる。」,問3の判断理由として最も適切なものを選びなさい。,審査係属してなければ追加できる,手続により追加できる,新規事項追加となるため,-,ウ,発明Bは出願Pの後に完成したものであり、出願時の明細書に記載がなく、補正で追加すると新規事項の追加となる。審査係属前でも手続で追加することはできないため。
第50回 実技,5-2 エンフォースメント,バッグX社は「Queen」(2段)を販売。Y社は「リュックサック」について商標権Mを有する。発言1「『クイーン』のみに変更すれば侵害を免れる。」,発言1について、適切なら「○」、不適切なら「×」を選びなさい。,○,×,-,-,×,商標法37条。登録商標「リュックサック」と「クイーン」は、需要者が同一と認める場合は類似する。商品が類似し、商標も類似する場合、侵害を免れないため。
第50回 実技,4-1 ブランド保護,バッグX社は「Queen」(2段)を販売。Y社は「リュックサック」について商標権Mを有する。発言1「『クイーン』のみに変更すれば侵害を免れる。」,問5の判断理由として最も適切なものを選びなさい。,商品類似で効力範囲内,効力範囲外,範囲外,商標類似で範囲内,エ,「Queen」と「クイーン」は表記が異なるが、称呼・観念が共通し、商標として類似する場合がある。商品が類似し、商標が類似すれば効力範囲内となるため。
第50回 実技,4-4 デザイン保護,発言2「先使用権があるのでこのまま販売しても問題ない。」,発言2について、適切なら「○」、不適切なら「×」を選びなさい。,○,×,-,-,×,意匠法29条の2。先使用権は、意匠登録出願前に日本国内で当該意匠又はこれに類似する意匠の実施の準備をしていた者に認められる。周知であることが要件ではないため。
第50回 実技,4-4 デザイン保護,発言2「先使用権があるのでこのまま販売しても問題ない。」,問7の判断理由として最も適切なものを選びなさい。,デザイン完成していたため,周知となっていなかったため,周知となっていたため,販売していたため,イ,先使用権の成立には、出願前に国内で実施の準備をし、かつその意匠又は類似意匠が周知であったことが必要である。周知となっていなかったため、先使用権は成立しないため。
第50回 実技,5-1 契約,発言1「非営利・無料・無報酬の祭りで子供に歌わせ配信する。許諾は不要。」,発言1について、適切なら「○」、不適切なら「×」を選びなさい。,○,×,-,-,×,著作権法38条。非営利・無料・無報酬であっても、公衆に送信する場合は、聴衆から料金を取らない等の要件を満たさない限り許諾が必要である。制限規定に当たらないため。
第50回 実技,4-3 コンテンツ保護,発言1「非営利・無料・無報酬の祭りで子供に歌わせ配信する。許諾は不要。」,問9の判断理由として最も適切なものを選びなさい。,制限される場合にあたらないため,あたるため,パブリシティ権侵害,-,ア,非営利・無料・無報酬の祭りでの演奏を配信する行為は、著作権法38条の「公衆に送信しない」等の要件を満たさず、制限規定の適用を受けない場合があるため。
第50回 実技,5-1 契約,発言2「国土地理院のデータに基づく表Bを使用。許諾なく使用できない。」,発言2について、適切なら「○」、不適切なら「×」を選びなさい。,○,×,-,-,×,著作権法10条2項、13条。国土地理院のデータに基づく表は、法令の翻訳・編集物として著作権の目的とならない場合がある。許諾なく使用できる場合があるため。
第50回 実技,5-2 エンフォースメント,発言2「国土地理院のデータに基づく表Bを使用。許諾なく使用できない。」,問11の判断理由として最も適切なものを選びなさい。,著作権侵害,制限される場合,著作物ではないため,-,ウ,国土地理院のデータに基づく表Bが著作権の目的とならない場合、許諾なく使用できる。著作権侵害・制限規定の適用ではなく、著作物に該当しないため。
第50回 実技,5-2 エンフォースメント,,輸入差止認定。不適切と考えられるもの。,輸入同意書提出。,没収廃棄。,グリップ取り外しても輸入不可。,積戻し命令。,ウ,関税法21条の12。輸入差止の認定を受けた物品について、輸入を止めることができ、積戻し命令・没収廃棄等の手続がある。グリップを取り外しても輸入が認められるかは個別判断であるため。
第50回 実技,5-2 エンフォースメント,,比較広告。不適切と考えられるもの。,損害賠償請求。,信用回復措置。,不正競争行為。,信用害されたので不正競争。,エ,比較広告により信用を害された場合、不正競争防止法（2条1項14号等）に基づき損害賠償・信用回復措置を請求できる。信用を害されたことが不正競争であることの理由にはならないため。
第50回 実技,4-2 技術保護,,出願書類。適切と考えられるもの。,十分記載しないほうがよい。,補完できる。,素人でも実施できるように。,発明を明確に記載。,イ,特許法36条4項。発明の詳細な説明は、当業者が実施できる程度に明確かつ十分に記載しなければならない。補完は一定の場合に可能。十分記載しないほうがよいは誤りであるため。
第50回 実技,5-1 契約,,利用許諾。不適切と考えられるもの。,登録しなければ効力なし。,複製権譲渡権に限り。,3年に限り。,譲渡できない。,ア,著作権法63条。利用許諾は登録が対抗要件であり、効力発生要件ではない。許諾契約は登録がなくても有効に成立する。複製権・譲渡権・期間の制限は許諾の内容によるため。
第50回 実技,4-2 技術保護,,IPランドスケープ。不適切と考えられるもの。,経産省。,特許マップ作成。,消極的目的のみでは不十分。,M&A提案に有効。,イ,IPランドスケープは経産省の制度ではなく、特許等の情報を可視化する分析手法である。消極的目的のみでは不十分とするのは誤り。M&A提案に有効であるため。
第50回 実技,5-1 契約,,通常使用権。適切と考えられるもの。,口紅に使用可。,香水に使用可。,分離移転不可。,W社に許諾可。,エ,商標法30条。通常使用権は指定商品又は指定役務ごとに許諾できる。分離して移転することはできない。口紅・香水は指定が異なれば別の通常使用権となる。W社への許諾は契約によるため。
第50回 実技,3-1 調査,,特許戦略。不適切と考えられるもの。,構成要件置換も侵害。,再度調査必要。,未請求出願は調査不要。,出願か秘匿かの判断重要。,ウ,未請求の出願も調査対象とすべきである。将来請求されれば権利化されるため。構成要件の置換が侵害となるかは均等論による。出願か秘匿かの判断は重要であるため。
第50回 実技,4-2 技術保護,,職務発明と学会発表。適切と考えられるもの。,治療方法は特許可。,30日以内に証明書。,Y国公報でも例外適用。,Pより前のQで拒絶。,イ,特許法30条。新規性喪失の例外の適用を受けるには、公知となった日から1年以内に出願し、所定の書面を30日以内に提出する等の要件がある。Y国公報でも例外は適用され得るため。
第50回 実技,3-1 調査,,侵害判断。適切と考えられるもの。,購入品使用は侵害しない。,製造者が侵害。,周知でなく実施権なし。,調査目的は侵害しない。,ア,特許法69条。特許権者から正当に購入した製品の使用は、権利消尽により侵害とならない。製造者が侵害の主体となる。先使用権・調査目的は別規定であるため。
第50回 実技,4-2 技術保護,,転職後の発明。適切と考えられるもの。,X社は通常実施権有する。,Y社は有しない。,Y社は有する。,両社有する。,ウ,職務発明の権利を承継した後、従業者が退職して他社（Y社）で実施する場合、Y社は承継した権利に基づき実施する権利を有する。X社は通常実施権を有しないため。
第50回 実技,5-2 エンフォースメント,,無断配信。不適切と考えられるもの。,単独で差止。,損害賠償。,名誉回復不可。,不当利得返還。,イ,著作権法112条、117条。共同著作権者は、単独で差止請求・損害賠償請求ができる。名誉回復措置は著作者人格権の侵害について認められる。不当利得返還は可能であるため。
第50回 実技,3-1 調査,,特許検索。不適切と考えられるもの。,NOT検索。,AND検索。,AND検索。,主テーマ。,ウ,特許調査において、NOT検索・AND検索は基本的な演算である。主テーマのみで検索すると漏れが生じる。検索式の組み合わせが不適切な例として主テーマのみが挙げられるため。
第50回 実技,4-1 ブランド保護,,意匠戦略。不適切と考えられるもの。,商標へ変更。,部分意匠。,関連意匠。,秘密意匠。,ア,意匠法13条。特許出願を意匠登録出願に変更することはできない。部分意匠・関連意匠・秘密意匠は意匠法の制度である。商標への変更は可能な場合があるため。
第50回 実技,3-1 調査,,無効審判等。不適切と考えられるもの。,関係ない会社名義。,原簿確認。,個人名で異議。,出願中も調査。,ア,無効審判の請求にあたり、請求人の名義は真正な権利者である必要がある。関係のない会社名義で請求することは不適切である。原簿確認・出願中の調査は適切であるため。
第50回 実技,4-1 ブランド保護,,商標出願。不適切と考えられるもの。,標準文字。,区分記載。,2ヶ所記載。,色彩のみ。,ウ,商標法5条2項。色彩のみからなる商標は、その色彩のみでは登録を受けられない場合がある。標準文字・区分記載は願書の記載事項。2ヶ所記載は誤りであるため。
第50回 実技,4-3 コンテンツ保護,,著作物。適切と考えられるもの。,私人の翻訳も権利なし。,工芸品は保護されない。,動画も映画の著作物。,工業製品は保護。,ウ,著作権法2条3項。映画の著作物には、連続した影像が記録されたものが含まれる。動画も映画の著作物として保護され得る。私人の翻訳・工芸品・工業製品は別規定であるため。
第50回 実技,5-2 エンフォースメント,,契約違反。適切と考えられるもの。,解除できない。,無効にできる。,持ち帰れない。,強制履行。,ウ,民法541条、415条。契約違反があっても、解除・損害賠償・強制履行のいずれも場合により認められる。持ち帰れないは契約内容による。無効・解除は法定の要件によるため。
第50回 実技,5-1 契約,,意匠開発。不適切と考えられるもの。,甲乙とする。,すべて譲渡。,すぐに出願。,譲渡条項。,ウ,意匠の開発・出願にあたり、権利の帰属を契約で定めることが重要である。すべて譲渡・すぐ出願・譲渡条項は戦略による。不適切なのは「すべて譲渡」等を一律に選ぶことであるため。
第50回 実技,4-2 技術保護,,紛争回避。適切と考えられるもの。,試験販売。,購入して組み込む。,無効の抗弁。,無効審判。,イ,他社特許を回避する方策として、無効審判の請求は有効である。試験販売・購入して組み込む・無効の抗弁も方策となり得る。無効審判は争いを根本から解決し得るため。
第50回 実技,5-2 エンフォースメント,,商標侵害。適切と考えられるもの。,損害賠償請求不可。,謝罪広告。,子会社には不可。,廃棄不可。,イ,商標法36条、39条。商標権者は、侵害者に対し差止・損害賠償・信用回復措置（謝罪広告等）を請求できる。廃棄の請求も可能である。子会社への請求は権利者により可能であるため。
第50回 実技,5-1 契約,,育成者権。不適切と考えられるもの。,及ばないことがある。,特許でも保護。,自家増殖及ぶ。,存続期間30年。,エ,種苗法20条。育成者権は、譲渡された種苗の利用に及ぶ場合がある。存続期間は原則25年（木本は30年）。特許法での保護・自家増殖への及ぶは規定のとおりであるため。
第50回 実技,4-2 技術保護,,特許料計算：28請求項、8年分一括。,-,-,-,-,292200,特許法107条、別表第一。請求項数・年数に応じた特許料の計算に基づき、28請求項・8年分一括では292200円となるため。
第50回 実技,2-1 法務,,WTO紛争解決,-,-,-,-,キ,WTO紛争解決手続に基づき、知的所有権に関する紛争も処理される。正答はキであるため。
第50回 実技,4-1 ブランド保護,,商標国際登録,-,-,-,-,エ,商標の国際登録はマドリッド協定議定書に基づく。正答はエであるため。
第50回 実技,4-4 デザイン保護,,意匠国際登録,-,-,-,-,カ,意匠の国際登録はハーグ協定に基づく。正答はカであるため。
第50回 実技,5-1 契約,,映画の著作権（委託）。,-,-,-,-,ア,著作権法29条。映画の著作物について、著作者が製作者に参加を約束した場合、著作権は製作者に帰属する。委託制作の場合は契約に従い判断されるため。
第50回 実技,4-3 コンテンツ保護,,映画の著作者。,-,-,-,-,エ,著作権法16条。映画の著作者は、製作に発意と責任を有する者である。監督・撮影等が該当する。正答はエであるため。
第50回 実技,5-1 契約,,漫画の許諾。,-,-,-,-,ク,漫画の利用に際しては、複製・翻案・頒布等の利用態様に応じた許諾が必要である。正答はクであるため。
